subject,item_id,headword,meaning,example,Response,RT_ms,anchor,list
19,202,烟花,名词。旧时指妓女。,沦为烟花。,6,3429.5,exp2,List1
19,266,花红,名词。指有关结婚等喜庆事的礼物。,花红彩礼。,7,5144.199999997043,exp2,List1
19,231,积分,名词。积分描述物体运动的整体性质，例如由运动物体在各点的瞬间运动速度求物体运动的全部路程就是积分学的问题。,积分是高等数学中非常重要的一个分支。,7,2413.699999991106,exp2,List1
19,264,花红,名词。落叶小乔木，叶子卵形或椭圆形，花粉红色。果实球形，像苹果而小，黄绿色带微红，是常见的水果。,这种花红果实虽小，但口感独特，营养丰富。,7,1612.70000000298,exp2,List1
19,265,花红,名词。这种植物的果实。也叫林檎或沙果。,今天市场上的花红特别新鲜，颜色鲜红，看着就很有食欲。,7,2054.300000003073,exp2,List1
20,271,蘑菇,动词。故意纠缠。,你别跟我蘑菇，我还有要紧事儿。,7,3804.200000023848,exp2,List2
20,272,蘑菇,动词。行动迟缓，拖延时间。,你再这么蘑菇下去，非误了火车不可！,7,3731.800000035786,exp2,List2
20,267,花红,名词。红利。,师爷分到花红，就寄给家里的老婆。,7,3340.400000035763,exp2,List2
20,244,粒子,名词。构成物体的比原子核更简单的物质，包括电子、质子、中子、光子、介子、超子和各种反粒子等。也叫基本粒子。,中子粒子在原子核中扮演着重要的角色，它们与质子共同决定了原子核的稳定性和性质。,4,2824.500000023749,exp2,List2
20,261,老公,名词。〈口语〉太监。,他就立刻进京，又走了老公的门路。,7,2418.600000000093,exp2,List2
21,202,烟花,名词。旧时指妓女。,沦为烟花。,6,581.2000000715489,exp2,List1
21,266,花红,名词。指有关结婚等喜庆事的礼物。,花红彩礼。,6,8633.60000004759,exp2,List1
21,231,积分,名词。积分描述物体运动的整体性质，例如由运动物体在各点的瞬间运动速度求物体运动的全部路程就是积分学的问题。,积分是高等数学中非常重要的一个分支。,7,2298.200000071432,exp2,List1
21,264,花红,名词。落叶小乔木，叶子卵形或椭圆形，花粉红色。果实球形，像苹果而小，黄绿色带微红，是常见的水果。,这种花红果实虽小，但口感独特，营养丰富。,7,2130.300000047777,exp2,List1
21,265,花红,名词。这种植物的果实。也叫林檎或沙果。,今天市场上的花红特别新鲜，颜色鲜红，看着就很有食欲。,7,2730.800000024028,exp2,List1
22,271,蘑菇,动词。故意纠缠。,你别跟我蘑菇，我还有要紧事儿。,7,9248.600000071514,exp2,List2
22,272,蘑菇,动词。行动迟缓，拖延时间。,你再这么蘑菇下去，非误了火车不可！,7,8747.400000023888,exp2,List2
22,267,花红,名词。红利。,师爷分到花红，就寄给家里的老婆。,7,3414.699999999953,exp2,List2
22,244,粒子,名词。构成物体的比原子核更简单的物质，包括电子、质子、中子、光子、介子、超子和各种反粒子等。也叫基本粒子。,中子粒子在原子核中扮演着重要的角色，它们与质子共同决定了原子核的稳定性和性质。,7,1597.200000047684,exp2,List2
22,261,老公,名词。〈口语〉太监。,他就立刻进京，又走了老公的门路。,6,2863.900000071619,exp2,List2
23,202,烟花,名词。旧时指妓女。,沦为烟花。,5,492.6999999998661,exp2,List1
23,266,花红,名词。指有关结婚等喜庆事的礼物。,花红彩礼。,7,950.1999999998952,exp2,List1
23,231,积分,名词。积分描述物体运动的整体性质，例如由运动物体在各点的瞬间运动速度求物体运动的全部路程就是积分学的问题。,积分是高等数学中非常重要的一个分支。,7,1099.90000000014,exp2,List1
23,264,花红,名词。落叶小乔木，叶子卵形或椭圆形，花粉红色。果实球形，像苹果而小，黄绿色带微红，是常见的水果。,这种花红果实虽小，但口感独特，营养丰富。,7,1667.89999999979,exp2,List1
23,265,花红,名词。这种植物的果实。也叫林檎或沙果。,今天市场上的花红特别新鲜，颜色鲜红，看着就很有食欲。,7,1342.800000000047,exp2,List1
24,271,蘑菇,动词。故意纠缠。,你别跟我蘑菇，我还有要紧事儿。,3,5318.300000002957,exp2,List2
24,272,蘑菇,动词。行动迟缓，拖延时间。,你再这么蘑菇下去，非误了火车不可！,3,1479.000000003027,exp2,List2
24,267,花红,名词。红利。,师爷分到花红，就寄给家里的老婆。,7,1817,exp2,List2
24,244,粒子,名词。构成物体的比原子核更简单的物质，包括电子、质子、中子、光子、介子、超子和各种反粒子等。也叫基本粒子。,中子粒子在原子核中扮演着重要的角色，它们与质子共同决定了原子核的稳定性和性质。,7,1715.700000006007,exp2,List2
24,261,老公,名词。〈口语〉太监。,他就立刻进京，又走了老公的门路。,7,1786.399999999907,exp2,List2
25,202,烟花,名词。旧时指妓女。,沦为烟花。,6,3674.300000002957,exp2,List1
25,266,花红,名词。指有关结婚等喜庆事的礼物。,花红彩礼。,6,2943.100000003004,exp2,List1
25,231,积分,名词。积分描述物体运动的整体性质，例如由运动物体在各点的瞬间运动速度求物体运动的全部路程就是积分学的问题。,积分是高等数学中非常重要的一个分支。,7,4021.79999999702,exp2,List1
25,264,花红,名词。落叶小乔木，叶子卵形或椭圆形，花粉红色。果实球形，像苹果而小，黄绿色带微红，是常见的水果。,这种花红果实虽小，但口感独特，营养丰富。,7,2903.70000000298,exp2,List1
25,265,花红,名词。这种植物的果实。也叫林檎或沙果。,今天市场上的花红特别新鲜，颜色鲜红，看着就很有食欲。,7,2898.299999994226,exp2,List1
26,271,蘑菇,动词。故意纠缠。,你别跟我蘑菇，我还有要紧事儿。,7,3059.099999998871,exp2,List2
26,272,蘑菇,动词。行动迟缓，拖延时间。,你再这么蘑菇下去，非误了火车不可！,7,2319.899999998859,exp2,List2
26,267,花红,名词。红利。,师爷分到花红，就寄给家里的老婆。,7,2955.999999998603,exp2,List2
26,244,粒子,名词。构成物体的比原子核更简单的物质，包括电子、质子、中子、光子、介子、超子和各种反粒子等。也叫基本粒子。,中子粒子在原子核中扮演着重要的角色，它们与质子共同决定了原子核的稳定性和性质。,6,2223.39999999851,exp2,List2
26,261,老公,名词。〈口语〉太监。,他就立刻进京，又走了老公的门路。,7,1896.899999998976,exp2,List2
27,202,烟花,名词。旧时指妓女。,沦为烟花。,7,2797.699999999953,exp2,List1
27,266,花红,名词。指有关结婚等喜庆事的礼物。,花红彩礼。,7,4610.199999996927,exp2,List1
27,231,积分,名词。积分描述物体运动的整体性质，例如由运动物体在各点的瞬间运动速度求物体运动的全部路程就是积分学的问题。,积分是高等数学中非常重要的一个分支。,7,5535.800000000047,exp2,List1
27,264,花红,名词。落叶小乔木，叶子卵形或椭圆形，花粉红色。果实球形，像苹果而小，黄绿色带微红，是常见的水果。,这种花红果实虽小，但口感独特，营养丰富。,7,2302.799999999348,exp2,List1
27,265,花红,名词。这种植物的果实。也叫林檎或沙果。,今天市场上的花红特别新鲜，颜色鲜红，看着就很有食欲。,7,1010.799999997951,exp2,List1
28,271,蘑菇,动词。故意纠缠。,你别跟我蘑菇，我还有要紧事儿。,7,3492.799999999988,exp2,List2
28,272,蘑菇,动词。行动迟缓，拖延时间。,你再这么蘑菇下去，非误了火车不可！,7,4805,exp2,List2
28,267,花红,名词。红利。,师爷分到花红，就寄给家里的老婆。,7,5433.899999999907,exp2,List2
28,244,粒子,名词。构成物体的比原子核更简单的物质，包括电子、质子、中子、光子、介子、超子和各种反粒子等。也叫基本粒子。,中子粒子在原子核中扮演着重要的角色，它们与质子共同决定了原子核的稳定性和性质。,5,3704.299999999814,exp2,List2
28,261,老公,名词。〈口语〉太监。,他就立刻进京，又走了老公的门路。,7,2870.899999999907,exp2,List2
29,202,烟花,名词。旧时指妓女。,沦为烟花。,7,4936.699999975972,exp2,List1
29,266,花红,名词。指有关结婚等喜庆事的礼物。,花红彩礼。,7,4162.199999976903,exp2,List1
29,231,积分,名词。积分描述物体运动的整体性质，例如由运动物体在各点的瞬间运动速度求物体运动的全部路程就是积分学的问题。,积分是高等数学中非常重要的一个分支。,7,12848.89999996498,exp2,List1
29,264,花红,名词。落叶小乔木，叶子卵形或椭圆形，花粉红色。果实球形，像苹果而小，黄绿色带微红，是常见的水果。,这种花红果实虽小，但口感独特，营养丰富。,7,2204.899999987334,exp2,List1
29,265,花红,名词。这种植物的果实。也叫林檎或沙果。,今天市场上的花红特别新鲜，颜色鲜红，看着就很有食欲。,7,842.9999999646097,exp2,List1
30,271,蘑菇,动词。故意纠缠。,你别跟我蘑菇，我还有要紧事儿。,7,4330.200000023819,exp2,List2
30,272,蘑菇,动词。行动迟缓，拖延时间。,你再这么蘑菇下去，非误了火车不可！,7,3417.700000023819,exp2,List2
30,267,花红,名词。红利。,师爷分到花红，就寄给家里的老婆。,7,2394.500000011874,exp2,List2
30,244,粒子,名词。构成物体的比原子核更简单的物质，包括电子、质子、中子、光子、介子、超子和各种反粒子等。也叫基本粒子。,中子粒子在原子核中扮演着重要的角色，它们与质子共同决定了原子核的稳定性和性质。,7,1390.500000023749,exp2,List2
30,261,老公,名词。〈口语〉太监。,他就立刻进京，又走了老公的门路。,7,2668.100000011735,exp2,List2
31,202,烟花,名词。旧时指妓女。,沦为烟花。,3,5910.800000000047,exp2,List1
31,266,花红,名词。指有关结婚等喜庆事的礼物。,花红彩礼。,7,2401.200000000186,exp2,List1
31,231,积分,名词。积分描述物体运动的整体性质，例如由运动物体在各点的瞬间运动速度求物体运动的全部路程就是积分学的问题。,积分是高等数学中非常重要的一个分支。,7,3451.699999999721,exp2,List1
31,264,花红,名词。落叶小乔木，叶子卵形或椭圆形，花粉红色。果实球形，像苹果而小，黄绿色带微红，是常见的水果。,这种花红果实虽小，但口感独特，营养丰富。,7,2454.100000000093,exp2,List1
31,265,花红,名词。这种植物的果实。也叫林檎或沙果。,今天市场上的花红特别新鲜，颜色鲜红，看着就很有食欲。,7,1403.5,exp2,List1
32,271,蘑菇,动词。故意纠缠。,你别跟我蘑菇，我还有要紧事儿。,7,4004.199999982113,exp2,List2
32,272,蘑菇,动词。行动迟缓，拖延时间。,你再这么蘑菇下去，非误了火车不可！,7,3520.799999982119,exp2,List2
32,267,花红,名词。红利。,师爷分到花红，就寄给家里的老婆。,7,3051.699999982025,exp2,List2
32,244,粒子,名词。构成物体的比原子核更简单的物质，包括电子、质子、中子、光子、介子、超子和各种反粒子等。也叫基本粒子。,中子粒子在原子核中扮演着重要的角色，它们与质子共同决定了原子核的稳定性和性质。,6,3344.999999982072,exp2,List2
32,261,老公,名词。〈口语〉太监。,他就立刻进京，又走了老公的门路。,6,6768.299999982119,exp2,List2
33,202,烟花,名词。旧时指妓女。,沦为烟花。,7,1453.000000190688,exp2,List1
33,266,花红,名词。指有关结婚等喜庆事的礼物。,花红彩礼。,6,1616.800000095274,exp2,List1
33,231,积分,名词。积分描述物体运动的整体性质，例如由运动物体在各点的瞬间运动速度求物体运动的全部路程就是积分学的问题。,积分是高等数学中非常重要的一个分支。,4,816.0000000954606,exp2,List1
33,264,花红,名词。落叶小乔木，叶子卵形或椭圆形，花粉红色。果实球形，像苹果而小，黄绿色带微红，是常见的水果。,这种花红果实虽小，但口感独特，营养丰富。,5,1619.100000190781,exp2,List1
33,265,花红,名词。这种植物的果实。也叫林檎或沙果。,今天市场上的花红特别新鲜，颜色鲜红，看着就很有食欲。,4,1993.000000047497,exp2,List1
34,271,蘑菇,动词。故意纠缠。,你别跟我蘑菇，我还有要紧事儿。,4,6262.500000002969,exp2,List2
34,272,蘑菇,动词。行动迟缓，拖延时间。,你再这么蘑菇下去，非误了火车不可！,4,3218.400000002992,exp2,List2
34,267,花红,名词。红利。,师爷分到花红，就寄给家里的老婆。,7,2320.899999999907,exp2,List2
34,244,粒子,名词。构成物体的比原子核更简单的物质，包括电子、质子、中子、光子、介子、超子和各种反粒子等。也叫基本粒子。,中子粒子在原子核中扮演着重要的角色，它们与质子共同决定了原子核的稳定性和性质。,7,1471.200000004377,exp2,List2
34,261,老公,名词。〈口语〉太监。,他就立刻进京，又走了老公的门路。,7,4390.30000000447,exp2,List2
35,202,烟花,名词。旧时指妓女。,沦为烟花。,7,2606.099999952363,exp2,List1
35,266,花红,名词。指有关结婚等喜庆事的礼物。,花红彩礼。,7,2168.799999952316,exp2,List1
35,231,积分,名词。积分描述物体运动的整体性质，例如由运动物体在各点的瞬间运动速度求物体运动的全部路程就是积分学的问题。,积分是高等数学中非常重要的一个分支。,7,3451.399999952409,exp2,List1
35,264,花红,名词。落叶小乔木，叶子卵形或椭圆形，花粉红色。果实球形，像苹果而小，黄绿色带微红，是常见的水果。,这种花红果实虽小，但口感独特，营养丰富。,7,8841.099999987986,exp2,List1
35,265,花红,名词。这种植物的果实。也叫林檎或沙果。,今天市场上的花红特别新鲜，颜色鲜红，看着就很有食欲。,7,4186.299999976065,exp2,List1
36,271,蘑菇,动词。故意纠缠。,你别跟我蘑菇，我还有要紧事儿。,7,4060.800000011921,exp2,List2
36,272,蘑菇,动词。行动迟缓，拖延时间。,你再这么蘑菇下去，非误了火车不可！,7,4094.600000017905,exp2,List2
36,267,花红,名词。红利。,师爷分到花红，就寄给家里的老婆。,7,1319.200000023819,exp2,List2
36,244,粒子,名词。构成物体的比原子核更简单的物质，包括电子、质子、中子、光子、介子、超子和各种反粒子等。也叫基本粒子。,中子粒子在原子核中扮演着重要的角色，它们与质子共同决定了原子核的稳定性和性质。,6,1709.300000011921,exp2,List2
36,261,老公,名词。〈口语〉太监。,他就立刻进京，又走了老公的门路。,7,2011.200000023935,exp2,List2
37,202,烟花,名词。旧时指妓女。,沦为烟花。,6,9466.500000572298,exp2,List1
37,266,花红,名词。指有关结婚等喜庆事的礼物。,花红彩礼。,7,1619.400000572205,exp2,List1
37,231,积分,名词。积分描述物体运动的整体性质，例如由运动物体在各点的瞬间运动速度求物体运动的全部路程就是积分学的问题。,积分是高等数学中非常重要的一个分支。,7,2547.200000190642,exp2,List1
37,264,花红,名词。落叶小乔木，叶子卵形或椭圆形，花粉红色。果实球形，像苹果而小，黄绿色带微红，是常见的水果。,这种花红果实虽小，但口感独特，营养丰富。,7,1500.800000572111,exp2,List1
37,265,花红,名词。这种植物的果实。也叫林檎或沙果。,今天市场上的花红特别新鲜，颜色鲜红，看着就很有食欲。,7,677.2999999998137,exp2,List1
38,271,蘑菇,动词。故意纠缠。,你别跟我蘑菇，我还有要紧事儿。,7,8736.200000005949,exp2,List2
38,272,蘑菇,动词。行动迟缓，拖延时间。,你再这么蘑菇下去，非误了火车不可！,7,3638.699999999953,exp2,List2
38,267,花红,名词。红利。,师爷分到花红，就寄给家里的老婆。,7,4468.600000002887,exp2,List2
38,244,粒子,名词。构成物体的比原子核更简单的物质，包括电子、质子、中子、光子、介子、超子和各种反粒子等。也叫基本粒子。,中子粒子在原子核中扮演着重要的角色，它们与质子共同决定了原子核的稳定性和性质。,7,3707.899999997113,exp2,List2
38,261,老公,名词。〈口语〉太监。,他就立刻进京，又走了老公的门路。,7,3385.20000000298,exp2,List2
1,202,烟花,名词。旧时指妓女。,沦为烟花。,7,3223.099999999977,exp2,List1
1,266,花红,名词。指有关结婚等喜庆事的礼物。,花红彩礼。,6,3478.099999976112,exp2,List1
1,231,积分,名词。积分描述物体运动的整体性质，例如由运动物体在各点的瞬间运动速度求物体运动的全部路程就是积分学的问题。,积分是高等数学中非常重要的一个分支。,7,3637.600000000093,exp2,List1
1,264,花红,名词。落叶小乔木，叶子卵形或椭圆形，花粉红色。果实球形，像苹果而小，黄绿色带微红，是常见的水果。,这种花红果实虽小，但口感独特，营养丰富。,7,4532.699999988079,exp2,List1
1,265,花红,名词。这种植物的果实。也叫林檎或沙果。,今天市场上的花红特别新鲜，颜色鲜红，看着就很有食欲。,7,1584.399999976158,exp2,List1
2,271,蘑菇,动词。故意纠缠。,你别跟我蘑菇，我还有要紧事儿。,7,3201.899999999994,exp2,List2
2,272,蘑菇,动词。行动迟缓，拖延时间。,你再这么蘑菇下去，非误了火车不可！,7,4471.599999976112,exp2,List2
2,267,花红,名词。红利。,师爷分到花红，就寄给家里的老婆。,7,3098.299999964423,exp2,List2
2,244,粒子,名词。构成物体的比原子核更简单的物质，包括电子、质子、中子、光子、介子、超子和各种反粒子等。也叫基本粒子。,中子粒子在原子核中扮演着重要的角色，它们与质子共同决定了原子核的稳定性和性质。,7,2521.499999964144,exp2,List2
2,261,老公,名词。〈口语〉太监。,他就立刻进京，又走了老公的门路。,7,1712.399999988265,exp2,List2
39,202,烟花,名词。旧时指妓女。,沦为烟花。,7,8814.09999985696,exp2,List1
39,266,花红,名词。指有关结婚等喜庆事的礼物。,花红彩礼。,7,2161.699999856995,exp2,List1
39,231,积分,名词。积分描述物体运动的整体性质，例如由运动物体在各点的瞬间运动速度求物体运动的全部路程就是积分学的问题。,积分是高等数学中非常重要的一个分支。,7,2717.099999857135,exp2,List1
39,264,花红,名词。落叶小乔木，叶子卵形或椭圆形，花粉红色。果实球形，像苹果而小，黄绿色带微红，是常见的水果。,这种花红果实虽小，但口感独特，营养丰富。,7,1494.999999857042,exp2,List1
39,265,花红,名词。这种植物的果实。也叫林檎或沙果。,今天市场上的花红特别新鲜，颜色鲜红，看着就很有食欲。,7,2581.499999809079,exp2,List1
40,271,蘑菇,动词。故意纠缠。,你别跟我蘑菇，我还有要紧事儿。,7,7472.600000000006,exp2,List2
40,272,蘑菇,动词。行动迟缓，拖延时间。,你再这么蘑菇下去，非误了火车不可！,7,5073.800000000047,exp2,List2
40,267,花红,名词。红利。,师爷分到花红，就寄给家里的老婆。,7,1286.300000763033,exp2,List2
40,244,粒子,名词。构成物体的比原子核更简单的物质，包括电子、质子、中子、光子、介子、超子和各种反粒子等。也叫基本粒子。,中子粒子在原子核中扮演着重要的角色，它们与质子共同决定了原子核的稳定性和性质。,6,1499.100000190781,exp2,List2
40,261,老公,名词。〈口语〉太监。,他就立刻进京，又走了老公的门路。,7,3309.399999999907,exp2,List2
41,202,烟花,名词。旧时指妓女。,沦为烟花。,4,1582,exp2,List1
41,266,花红,名词。指有关结婚等喜庆事的礼物。,花红彩礼。,7,1294.000000000116,exp2,List1
41,231,积分,名词。积分描述物体运动的整体性质，例如由运动物体在各点的瞬间运动速度求物体运动的全部路程就是积分学的问题。,积分是高等数学中非常重要的一个分支。,6,1718.899999999907,exp2,List1
41,264,花红,名词。落叶小乔木，叶子卵形或椭圆形，花粉红色。果实球形，像苹果而小，黄绿色带微红，是常见的水果。,这种花红果实虽小，但口感独特，营养丰富。,7,3764.09999999986,exp2,List1
41,265,花红,名词。这种植物的果实。也叫林檎或沙果。,今天市场上的花红特别新鲜，颜色鲜红，看着就很有食欲。,7,1157.699999999721,exp2,List1
42,271,蘑菇,动词。故意纠缠。,你别跟我蘑菇，我还有要紧事儿。,7,2517.199999999953,exp2,List2
42,272,蘑菇,动词。行动迟缓，拖延时间。,你再这么蘑菇下去，非误了火车不可！,7,2163.5,exp2,List2
42,267,花红,名词。红利。,师爷分到花红，就寄给家里的老婆。,7,2028.100000000093,exp2,List2
42,244,粒子,名词。构成物体的比原子核更简单的物质，包括电子、质子、中子、光子、介子、超子和各种反粒子等。也叫基本粒子。,中子粒子在原子核中扮演着重要的角色，它们与质子共同决定了原子核的稳定性和性质。,7,1674,exp2,List2
42,261,老公,名词。〈口语〉太监。,他就立刻进京，又走了老公的门路。,7,1650.000000000233,exp2,List2
43,202,烟花,名词。旧时指妓女。,沦为烟花。,6,2733.899999982095,exp2,List1
43,266,花红,名词。指有关结婚等喜庆事的礼物。,花红彩礼。,7,1555.399999982095,exp2,List1
43,231,积分,名词。积分描述物体运动的整体性质，例如由运动物体在各点的瞬间运动速度求物体运动的全部路程就是积分学的问题。,积分是高等数学中非常重要的一个分支。,7,3195.899999994086,exp2,List1
43,264,花红,名词。落叶小乔木，叶子卵形或椭圆形，花粉红色。果实球形，像苹果而小，黄绿色带微红，是常见的水果。,这种花红果实虽小，但口感独特，营养丰富。,7,3074.699999994133,exp2,List1
43,265,花红,名词。这种植物的果实。也叫林檎或沙果。,今天市场上的花红特别新鲜，颜色鲜红，看着就很有食欲。,7,1064.599999987986,exp2,List1
44,271,蘑菇,动词。故意纠缠。,你别跟我蘑菇，我还有要紧事儿。,2,6235.5,exp2,List2
44,272,蘑菇,动词。行动迟缓，拖延时间。,你再这么蘑菇下去，非误了火车不可！,3,5212.70000000007,exp2,List2
44,267,花红,名词。红利。,师爷分到花红，就寄给家里的老婆。,7,1536.09999999986,exp2,List2
44,244,粒子,名词。构成物体的比原子核更简单的物质，包括电子、质子、中子、光子、介子、超子和各种反粒子等。也叫基本粒子。,中子粒子在原子核中扮演着重要的角色，它们与质子共同决定了原子核的稳定性和性质。,7,2144.5,exp2,List2
44,261,老公,名词。〈口语〉太监。,他就立刻进京，又走了老公的门路。,7,2685,exp2,List2
45,202,烟花,名词。旧时指妓女。,沦为烟花。,5,6115.600000071572,exp2,List1
45,266,花红,名词。指有关结婚等喜庆事的礼物。,花红彩礼。,4,3009.899999999907,exp2,List1
45,231,积分,名词。积分描述物体运动的整体性质，例如由运动物体在各点的瞬间运动速度求物体运动的全部路程就是积分学的问题。,积分是高等数学中非常重要的一个分支。,7,5304.200000047684,exp2,List1
45,264,花红,名词。落叶小乔木，叶子卵形或椭圆形，花粉红色。果实球形，像苹果而小，黄绿色带微红，是常见的水果。,这种花红果实虽小，但口感独特，营养丰富。,4,2907.400000095367,exp2,List1
45,265,花红,名词。这种植物的果实。也叫林檎或沙果。,今天市场上的花红特别新鲜，颜色鲜红，看着就很有食欲。,5,2909.400000071619,exp2,List1
46,271,蘑菇,动词。故意纠缠。,你别跟我蘑菇，我还有要紧事儿。,6,6202,exp2,List2
46,272,蘑菇,动词。行动迟缓，拖延时间。,你再这么蘑菇下去，非误了火车不可！,7,11803,exp2,List2
46,267,花红,名词。红利。,师爷分到花红，就寄给家里的老婆。,7,2953,exp2,List2
46,244,粒子,名词。构成物体的比原子核更简单的物质，包括电子、质子、中子、光子、介子、超子和各种反粒子等。也叫基本粒子。,中子粒子在原子核中扮演着重要的角色，它们与质子共同决定了原子核的稳定性和性质。,6,1153,exp2,List2
46,261,老公,名词。〈口语〉太监。,他就立刻进京，又走了老公的门路。,7,4721.000000000233,exp2,List2
47,202,烟花,名词。旧时指妓女。,沦为烟花。,6,1976.574000011897,exp2,List1
47,266,花红,名词。指有关结婚等喜庆事的礼物。,花红彩礼。,5,2314.350000035716,exp2,List1
47,231,积分,名词。积分描述物体运动的整体性质，例如由运动物体在各点的瞬间运动速度求物体运动的全部路程就是积分学的问题。,积分是高等数学中非常重要的一个分支。,7,15779.20200001192,exp2,List1
47,264,花红,名词。落叶小乔木，叶子卵形或椭圆形，花粉红色。果实球形，像苹果而小，黄绿色带微红，是常见的水果。,这种花红果实虽小，但口感独特，营养丰富。,7,3584.190000023926,exp2,List1
47,265,花红,名词。这种植物的果实。也叫林檎或沙果。,今天市场上的花红特别新鲜，颜色鲜红，看着就很有食欲。,7,2882.878000000026,exp2,List1
48,271,蘑菇,动词。故意纠缠。,你别跟我蘑菇，我还有要紧事儿。,7,5694.200000023819,exp2,List2
48,272,蘑菇,动词。行动迟缓，拖延时间。,你再这么蘑菇下去，非误了火车不可！,7,2909.499999988126,exp2,List2
48,267,花红,名词。红利。,师爷分到花红，就寄给家里的老婆。,7,1417.599999987986,exp2,List2
48,244,粒子,名词。构成物体的比原子核更简单的物质，包括电子、质子、中子、光子、介子、超子和各种反粒子等。也叫基本粒子。,中子粒子在原子核中扮演着重要的角色，它们与质子共同决定了原子核的稳定性和性质。,6,2355.800000000047,exp2,List2
48,261,老公,名词。〈口语〉太监。,他就立刻进京，又走了老公的门路。,7,2146.899999976158,exp2,List2
49,202,烟花,名词。旧时指妓女。,沦为烟花。,7,2634.800000023795,exp2,List1
49,266,花红,名词。指有关结婚等喜庆事的礼物。,花红彩礼。,7,3488.199999988079,exp2,List1
49,231,积分,名词。积分描述物体运动的整体性质，例如由运动物体在各点的瞬间运动速度求物体运动的全部路程就是积分学的问题。,积分是高等数学中非常重要的一个分支。,7,3001.499999988126,exp2,List1
49,264,花红,名词。落叶小乔木，叶子卵形或椭圆形，花粉红色。果实球形，像苹果而小，黄绿色带微红，是常见的水果。,这种花红果实虽小，但口感独特，营养丰富。,7,1565.800000023795,exp2,List1
49,265,花红,名词。这种植物的果实。也叫林檎或沙果。,今天市场上的花红特别新鲜，颜色鲜红，看着就很有食欲。,7,1283.899999999907,exp2,List1
50,271,蘑菇,动词。故意纠缠。,你别跟我蘑菇，我还有要紧事儿。,7,2043.300000095362,exp2,List2
50,272,蘑菇,动词。行动迟缓，拖延时间。,你再这么蘑菇下去，非误了火车不可！,7,2472.900000190712,exp2,List2
50,267,花红,名词。红利。,师爷分到花红，就寄给家里的老婆。,7,1700.400000047637,exp2,List2
50,244,粒子,名词。构成物体的比原子核更简单的物质，包括电子、质子、中子、光子、介子、超子和各种反粒子等。也叫基本粒子。,中子粒子在原子核中扮演着重要的角色，它们与质子共同决定了原子核的稳定性和性质。,7,1758.800000047777,exp2,List2
50,261,老公,名词。〈口语〉太监。,他就立刻进京，又走了老公的门路。,7,2124.600000143051,exp2,List2
51,202,烟花,名词。旧时指妓女。,沦为烟花。,7,4010.099999904633,exp2,List1
51,266,花红,名词。指有关结婚等喜庆事的礼物。,花红彩礼。,7,1848.300000000047,exp2,List1
51,231,积分,名词。积分描述物体运动的整体性质，例如由运动物体在各点的瞬间运动速度求物体运动的全部路程就是积分学的问题。,积分是高等数学中非常重要的一个分支。,7,3539.199999904726,exp2,List1
51,264,花红,名词。落叶小乔木，叶子卵形或椭圆形，花粉红色。果实球形，像苹果而小，黄绿色带微红，是常见的水果。,这种花红果实虽小，但口感独特，营养丰富。,7,5679.299999904819,exp2,List1
51,265,花红,名词。这种植物的果实。也叫林檎或沙果。,今天市场上的花红特别新鲜，颜色鲜红，看着就很有食欲。,7,1794.199999618344,exp2,List1
52,271,蘑菇,动词。故意纠缠。,你别跟我蘑菇，我还有要紧事儿。,6,4172.79999999702,exp2,List2
52,272,蘑菇,动词。行动迟缓，拖延时间。,你再这么蘑菇下去，非误了火车不可！,7,7283.29999999702,exp2,List2
52,267,花红,名词。红利。,师爷分到花红，就寄给家里的老婆。,6,2710.499999991152,exp2,List2
52,244,粒子,名词。构成物体的比原子核更简单的物质，包括电子、质子、中子、光子、介子、超子和各种反粒子等。也叫基本粒子。,中子粒子在原子核中扮演着重要的角色，它们与质子共同决定了原子核的稳定性和性质。,7,3178.099999990314,exp2,List2
52,261,老公,名词。〈口语〉太监。,他就立刻进京，又走了老公的门路。,7,1744.800000000745,exp2,List2
53,202,烟花,名词。旧时指妓女。,沦为烟花。,7,2466.299999999988,exp2,List1
53,266,花红,名词。指有关结婚等喜庆事的礼物。,花红彩礼。,7,1680.700000047684,exp2,List1
53,231,积分,名词。积分描述物体运动的整体性质，例如由运动物体在各点的瞬间运动速度求物体运动的全部路程就是积分学的问题。,积分是高等数学中非常重要的一个分支。,6,2865.50000004773,exp2,List1
53,264,花红,名词。落叶小乔木，叶子卵形或椭圆形，花粉红色。果实球形，像苹果而小，黄绿色带微红，是常见的水果。,这种花红果实虽小，但口感独特，营养丰富。,7,5008.600000000093,exp2,List1
53,265,花红,名词。这种植物的果实。也叫林檎或沙果。,今天市场上的花红特别新鲜，颜色鲜红，看着就很有食欲。,7,2324.000000190921,exp2,List1
54,271,蘑菇,动词。故意纠缠。,你别跟我蘑菇，我还有要紧事儿。,7,4242.700000023848,exp2,List2
54,272,蘑菇,动词。行动迟缓，拖延时间。,你再这么蘑菇下去，非误了火车不可！,7,2501.900000000023,exp2,List2
54,267,花红,名词。红利。,师爷分到花红，就寄给家里的老婆。,7,3793.300000023795,exp2,List2
54,244,粒子,名词。构成物体的比原子核更简单的物质，包括电子、质子、中子、光子、介子、超子和各种反粒子等。也叫基本粒子。,中子粒子在原子核中扮演着重要的角色，它们与质子共同决定了原子核的稳定性和性质。,6,3945.5,exp2,List2
54,261,老公,名词。〈口语〉太监。,他就立刻进京，又走了老公的门路。,7,1903.700000047684,exp2,List2
55,202,烟花,名词。旧时指妓女。,沦为烟花。,7,10209.70000000147,exp2,List1
55,266,花红,名词。指有关结婚等喜庆事的礼物。,花红彩礼。,7,1552.100000000093,exp2,List1
55,231,积分,名词。积分描述物体运动的整体性质，例如由运动物体在各点的瞬间运动速度求物体运动的全部路程就是积分学的问题。,积分是高等数学中非常重要的一个分支。,7,3200.200000000186,exp2,List1
55,264,花红,名词。落叶小乔木，叶子卵形或椭圆形，花粉红色。果实球形，像苹果而小，黄绿色带微红，是常见的水果。,这种花红果实虽小，但口感独特，营养丰富。,7,8600.599999998696,exp2,List1
55,265,花红,名词。这种植物的果实。也叫林檎或沙果。,今天市场上的花红特别新鲜，颜色鲜红，看着就很有食欲。,7,1621.299999998417,exp2,List1
56,271,蘑菇,动词。故意纠缠。,你别跟我蘑菇，我还有要紧事儿。,3,10264.29999999981,exp2,List2
56,272,蘑菇,动词。行动迟缓，拖延时间。,你再这么蘑菇下去，非误了火车不可！,3,3330.8000000005118,exp2,List2
56,267,花红,名词。红利。,师爷分到花红，就寄给家里的老婆。,7,1930.700000000186,exp2,List2
56,244,粒子,名词。构成物体的比原子核更简单的物质，包括电子、质子、中子、光子、介子、超子和各种反粒子等。也叫基本粒子。,中子粒子在原子核中扮演着重要的角色，它们与质子共同决定了原子核的稳定性和性质。,7,1897.300000000512,exp2,List2
56,261,老公,名词。〈口语〉太监。,他就立刻进京，又走了老公的门路。,7,3980.900000000605,exp2,List2
57,202,烟花,名词。旧时指妓女。,沦为烟花。,7,3948,exp2,List1
57,266,花红,名词。指有关结婚等喜庆事的礼物。,花红彩礼。,7,1136,exp2,List1
57,231,积分,名词。积分描述物体运动的整体性质，例如由运动物体在各点的瞬间运动速度求物体运动的全部路程就是积分学的问题。,积分是高等数学中非常重要的一个分支。,7,1450.000000000466,exp2,List1
57,264,花红,名词。落叶小乔木，叶子卵形或椭圆形，花粉红色。果实球形，像苹果而小，黄绿色带微红，是常见的水果。,这种花红果实虽小，但口感独特，营养丰富。,7,1368,exp2,List1
57,265,花红,名词。这种植物的果实。也叫林檎或沙果。,今天市场上的花红特别新鲜，颜色鲜红，看着就很有食欲。,7,668,exp2,List1
58,271,蘑菇,动词。故意纠缠。,你别跟我蘑菇，我还有要紧事儿。,6,6696.69999995234,exp2,List2
58,272,蘑菇,动词。行动迟缓，拖延时间。,你再这么蘑菇下去，非误了火车不可！,6,2946.699999999953,exp2,List2
58,267,花红,名词。红利。,师爷分到花红，就寄给家里的老婆。,6,3212.899999976158,exp2,List2
58,244,粒子,名词。构成物体的比原子核更简单的物质，包括电子、质子、中子、光子、介子、超子和各种反粒子等。也叫基本粒子。,中子粒子在原子核中扮演着重要的角色，它们与质子共同决定了原子核的稳定性和性质。,6,6647.49999995227,exp2,List2
58,261,老公,名词。〈口语〉太监。,他就立刻进京，又走了老公的门路。,7,4279.19999996433,exp2,List2
3,202,烟花,名词。旧时指妓女。,沦为烟花。,7,14220,exp2,List1
3,266,花红,名词。指有关结婚等喜庆事的礼物。,花红彩礼。,3,7736,exp2,List1
3,231,积分,名词。积分描述物体运动的整体性质，例如由运动物体在各点的瞬间运动速度求物体运动的全部路程就是积分学的问题。,积分是高等数学中非常重要的一个分支。,6,5252.000000000466,exp2,List1
3,264,花红,名词。落叶小乔木，叶子卵形或椭圆形，花粉红色。果实球形，像苹果而小，黄绿色带微红，是常见的水果。,这种花红果实虽小，但口感独特，营养丰富。,7,4568,exp2,List1
3,265,花红,名词。这种植物的果实。也叫林檎或沙果。,今天市场上的花红特别新鲜，颜色鲜红，看着就很有食欲。,7,2952,exp2,List1
4,271,蘑菇,动词。故意纠缠。,你别跟我蘑菇，我还有要紧事儿。,7,4261.299999976181,exp2,List2
4,272,蘑菇,动词。行动迟缓，拖延时间。,你再这么蘑菇下去，非误了火车不可！,7,2601.999999976135,exp2,List2
4,267,花红,名词。红利。,师爷分到花红，就寄给家里的老婆。,7,2757.000000023749,exp2,List2
4,244,粒子,名词。构成物体的比原子核更简单的物质，包括电子、质子、中子、光子、介子、超子和各种反粒子等。也叫基本粒子。,中子粒子在原子核中扮演着重要的角色，它们与质子共同决定了原子核的稳定性和性质。,7,1916.200000023935,exp2,List2
4,261,老公,名词。〈口语〉太监。,他就立刻进京，又走了老公的门路。,7,2062.100000023842,exp2,List2
59,202,烟花,名词。旧时指妓女。,沦为烟花。,7,26749.69999999972,exp2,List1
59,266,花红,名词。指有关结婚等喜庆事的礼物。,花红彩礼。,7,208395.2999999998,exp2,List1
59,231,积分,名词。积分描述物体运动的整体性质，例如由运动物体在各点的瞬间运动速度求物体运动的全部路程就是积分学的问题。,积分是高等数学中非常重要的一个分支。,7,8100.200000000186,exp2,List1
59,264,花红,名词。落叶小乔木，叶子卵形或椭圆形，花粉红色。果实球形，像苹果而小，黄绿色带微红，是常见的水果。,这种花红果实虽小，但口感独特，营养丰富。,7,1555.5,exp2,List1
59,265,花红,名词。这种植物的果实。也叫林檎或沙果。,今天市场上的花红特别新鲜，颜色鲜红，看着就很有食欲。,7,707.5999999996275,exp2,List1
60,271,蘑菇,动词。故意纠缠。,你别跟我蘑菇，我还有要紧事儿。,5,4300.500000000058,exp2,List2
60,272,蘑菇,动词。行动迟缓，拖延时间。,你再这么蘑菇下去，非误了火车不可！,4,1102.900000000023,exp2,List2
60,267,花红,名词。红利。,师爷分到花红，就寄给家里的老婆。,7,3072.000000000466,exp2,List2
60,244,粒子,名词。构成物体的比原子核更简单的物质，包括电子、质子、中子、光子、介子、超子和各种反粒子等。也叫基本粒子。,中子粒子在原子核中扮演着重要的角色，它们与质子共同决定了原子核的稳定性和性质。,5,2888.400000000373,exp2,List2
60,261,老公,名词。〈口语〉太监。,他就立刻进京，又走了老公的门路。,7,4412.900000000373,exp2,List2
61,202,烟花,名词。旧时指妓女。,沦为烟花。,7,2316.699999904609,exp2,List1
61,266,花红,名词。指有关结婚等喜庆事的礼物。,花红彩礼。,5,1411,exp2,List1
61,231,积分,名词。积分描述物体运动的整体性质，例如由运动物体在各点的瞬间运动速度求物体运动的全部路程就是积分学的问题。,积分是高等数学中非常重要的一个分支。,7,3645.800000095274,exp2,List1
61,264,花红,名词。落叶小乔木，叶子卵形或椭圆形，花粉红色。果实球形，像苹果而小，黄绿色带微红，是常见的水果。,这种花红果实虽小，但口感独特，营养丰富。,7,2377.199999904726,exp2,List1
61,265,花红,名词。这种植物的果实。也叫林檎或沙果。,今天市场上的花红特别新鲜，颜色鲜红，看着就很有食欲。,7,1311.099999904633,exp2,List1
62,271,蘑菇,动词。故意纠缠。,你别跟我蘑菇，我还有要紧事儿。,7,3985.100000005972,exp2,List2
62,272,蘑菇,动词。行动迟缓，拖延时间。,你再这么蘑菇下去，非误了火车不可！,7,2915.400000008987,exp2,List2
62,267,花红,名词。红利。,师爷分到花红，就寄给家里的老婆。,7,3533.000000006054,exp2,List2
62,244,粒子,名词。构成物体的比原子核更简单的物质，包括电子、质子、中子、光子、介子、超子和各种反粒子等。也叫基本粒子。,中子粒子在原子核中扮演着重要的角色，它们与质子共同决定了原子核的稳定性和性质。,6,3873.100000011967,exp2,List2
62,261,老公,名词。〈口语〉太监。,他就立刻进京，又走了老公的门路。,7,7376.700000005774,exp2,List2
63,202,烟花,名词。旧时指妓女。,沦为烟花。,7,4705.199999952689,exp2,List1
63,266,花红,名词。指有关结婚等喜庆事的礼物。,花红彩礼。,7,4311.700000047684,exp2,List1
63,231,积分,名词。积分描述物体运动的整体性质，例如由运动物体在各点的瞬间运动速度求物体运动的全部路程就是积分学的问题。,积分是高等数学中非常重要的一个分支。,7,5402.900000000373,exp2,List1
63,264,花红,名词。落叶小乔木，叶子卵形或椭圆形，花粉红色。果实球形，像苹果而小，黄绿色带微红，是常见的水果。,这种花红果实虽小，但口感独特，营养丰富。,7,7154.400000000373,exp2,List1
63,265,花红,名词。这种植物的果实。也叫林檎或沙果。,今天市场上的花红特别新鲜，颜色鲜红，看着就很有食欲。,6,2996.599999976344,exp2,List1
64,271,蘑菇,动词。故意纠缠。,你别跟我蘑菇，我还有要紧事儿。,7,3670.600000005972,exp2,List2
64,272,蘑菇,动词。行动迟缓，拖延时间。,你再这么蘑菇下去，非误了火车不可！,7,2208.299999994051,exp2,List2
64,267,花红,名词。红利。,师爷分到花红，就寄给家里的老婆。,7,2230.700000006007,exp2,List2
64,244,粒子,名词。构成物体的比原子核更简单的物质，包括电子、质子、中子、光子、介子、超子和各种反粒子等。也叫基本粒子。,中子粒子在原子核中扮演着重要的角色，它们与质子共同决定了原子核的稳定性和性质。,7,1349.300000011921,exp2,List2
64,261,老公,名词。〈口语〉太监。,他就立刻进京，又走了老公的门路。,7,2475.200000017881,exp2,List2
65,202,烟花,名词。旧时指妓女。,沦为烟花。,6,2712.900002288807,exp2,List1
65,266,花红,名词。指有关结婚等喜庆事的礼物。,花红彩礼。,7,2449,exp2,List1
65,231,积分,名词。积分描述物体运动的整体性质，例如由运动物体在各点的瞬间运动速度求物体运动的全部路程就是积分学的问题。,积分是高等数学中非常重要的一个分支。,7,2336.199999999953,exp2,List1
65,264,花红,名词。落叶小乔木，叶子卵形或椭圆形，花粉红色。果实球形，像苹果而小，黄绿色带微红，是常见的水果。,这种花红果实虽小，但口感独特，营养丰富。,7,3677.100000000093,exp2,List1
65,265,花红,名词。这种植物的果实。也叫林檎或沙果。,今天市场上的花红特别新鲜，颜色鲜红，看着就很有食欲。,7,3016.600000762846,exp2,List1
66,271,蘑菇,动词。故意纠缠。,你别跟我蘑菇，我还有要紧事儿。,2,1415.899999999994,exp2,List2
66,272,蘑菇,动词。行动迟缓，拖延时间。,你再这么蘑菇下去，非误了火车不可！,3,47879.20000000054,exp2,List2
66,267,花红,名词。红利。,师爷分到花红，就寄给家里的老婆。,7,1579.500000000466,exp2,List2
66,244,粒子,名词。构成物体的比原子核更简单的物质，包括电子、质子、中子、光子、介子、超子和各种反粒子等。也叫基本粒子。,中子粒子在原子核中扮演着重要的角色，它们与质子共同决定了原子核的稳定性和性质。,7,2870.000000000931,exp2,List2
66,261,老公,名词。〈口语〉太监。,他就立刻进京，又走了老公的门路。,7,2525.700000000186,exp2,List2
67,202,烟花,名词。旧时指妓女。,沦为烟花。,6,2427.700000006007,exp2,List1
67,266,花红,名词。指有关结婚等喜庆事的礼物。,花红彩礼。,6,5302.500000003027,exp2,List1
67,231,积分,名词。积分描述物体运动的整体性质，例如由运动物体在各点的瞬间运动速度求物体运动的全部路程就是积分学的问题。,积分是高等数学中非常重要的一个分支。,5,2238.300000003073,exp2,List1
67,264,花红,名词。落叶小乔木，叶子卵形或椭圆形，花粉红色。果实球形，像苹果而小，黄绿色带微红，是常见的水果。,这种花红果实虽小，但口感独特，营养丰富。,6,6175.399999993853,exp2,List1
67,265,花红,名词。这种植物的果实。也叫林檎或沙果。,今天市场上的花红特别新鲜，颜色鲜红，看着就很有食欲。,6,1293.499999993946,exp2,List1
68,271,蘑菇,动词。故意纠缠。,你别跟我蘑菇，我还有要紧事儿。,7,5535.199999952223,exp2,List2
68,272,蘑菇,动词。行动迟缓，拖延时间。,你再这么蘑菇下去，非误了火车不可！,7,4891.799999952316,exp2,List2
68,267,花红,名词。红利。,师爷分到花红，就寄给家里的老婆。,7,2041.799999809358,exp2,List2
68,244,粒子,名词。构成物体的比原子核更简单的物质，包括电子、质子、中子、光子、介子、超子和各种反粒子等。也叫基本粒子。,中子粒子在原子核中扮演着重要的角色，它们与质子共同决定了原子核的稳定性和性质。,7,1606.499999809079,exp2,List2
68,261,老公,名词。〈口语〉太监。,他就立刻进京，又走了老公的门路。,7,2177.699999904726,exp2,List2
69,202,烟花,名词。旧时指妓女。,沦为烟花。,7,3398.399999952293,exp2,List1
69,266,花红,名词。指有关结婚等喜庆事的礼物。,花红彩礼。,7,7380.999999809312,exp2,List1
69,231,积分,名词。积分描述物体运动的整体性质，例如由运动物体在各点的瞬间运动速度求物体运动的全部路程就是积分学的问题。,积分是高等数学中非常重要的一个分支。,7,2920.299999856856,exp2,List1
69,264,花红,名词。落叶小乔木，叶子卵形或椭圆形，花粉红色。果实球形，像苹果而小，黄绿色带微红，是常见的水果。,这种花红果实虽小，但口感独特，营养丰富。,7,19420.9999999525,exp2,List1
69,265,花红,名词。这种植物的果实。也叫林檎或沙果。,今天市场上的花红特别新鲜，颜色鲜红，看着就很有食欲。,7,4454.199999952689,exp2,List1
70,271,蘑菇,动词。故意纠缠。,你别跟我蘑菇，我还有要紧事儿。,7,17372.5,exp2,List2
70,272,蘑菇,动词。行动迟缓，拖延时间。,你再这么蘑菇下去，非误了火车不可！,7,2323.900000002235,exp2,List2
70,267,花红,名词。红利。,师爷分到花红，就寄给家里的老婆。,7,12154.39999999991,exp2,List2
70,244,粒子,名词。构成物体的比原子核更简单的物质，包括电子、质子、中子、光子、介子、超子和各种反粒子等。也叫基本粒子。,中子粒子在原子核中扮演着重要的角色，它们与质子共同决定了原子核的稳定性和性质。,7,2367.100000002421,exp2,List2
70,261,老公,名词。〈口语〉太监。,他就立刻进京，又走了老公的门路。,7,3144.900000000373,exp2,List2
71,202,烟花,名词。旧时指妓女。,沦为烟花。,7,3319.200000011944,exp2,List1
71,266,花红,名词。指有关结婚等喜庆事的礼物。,花红彩礼。,7,18923.40000000037,exp2,List1
71,231,积分,名词。积分描述物体运动的整体性质，例如由运动物体在各点的瞬间运动速度求物体运动的全部路程就是积分学的问题。,积分是高等数学中非常重要的一个分支。,5,6118.000000018626,exp2,List1
71,264,花红,名词。落叶小乔木，叶子卵形或椭圆形，花粉红色。果实球形，像苹果而小，黄绿色带微红，是常见的水果。,这种花红果实虽小，但口感独特，营养丰富。,7,7591.800000000745,exp2,List1
71,265,花红,名词。这种植物的果实。也叫林檎或沙果。,今天市场上的花红特别新鲜，颜色鲜红，看着就很有食欲。,7,2571.300000000745,exp2,List1
72,271,蘑菇,动词。故意纠缠。,你别跟我蘑菇，我还有要紧事儿。,6,7305.59999997617,exp2,List2
72,272,蘑菇,动词。行动迟缓，拖延时间。,你再这么蘑菇下去，非误了火车不可！,7,6113.899999976158,exp2,List2
72,267,花红,名词。红利。,师爷分到花红，就寄给家里的老婆。,7,2397.899999952409,exp2,List2
72,244,粒子,名词。构成物体的比原子核更简单的物质，包括电子、质子、中子、光子、介子、超子和各种反粒子等。也叫基本粒子。,中子粒子在原子核中扮演着重要的角色，它们与质子共同决定了原子核的稳定性和性质。,7,3549.200000023935,exp2,List2
72,261,老公,名词。〈口语〉太监。,他就立刻进京，又走了老公的门路。,7,2153.399999952409,exp2,List2
73,202,烟花,名词。旧时指妓女。,沦为烟花。,3,673.5999998569605,exp2,List1
73,266,花红,名词。指有关结婚等喜庆事的礼物。,花红彩礼。,6,2400.099999904633,exp2,List1
73,231,积分,名词。积分描述物体运动的整体性质，例如由运动物体在各点的瞬间运动速度求物体运动的全部路程就是积分学的问题。,积分是高等数学中非常重要的一个分支。,5,2843.599999904633,exp2,List1
73,264,花红,名词。落叶小乔木，叶子卵形或椭圆形，花粉红色。果实球形，像苹果而小，黄绿色带微红，是常见的水果。,这种花红果实虽小，但口感独特，营养丰富。,4,2576.399999952409,exp2,List1
73,265,花红,名词。这种植物的果实。也叫林檎或沙果。,今天市场上的花红特别新鲜，颜色鲜红，看着就很有食欲。,6,4533.599999904633,exp2,List1
74,271,蘑菇,动词。故意纠缠。,你别跟我蘑菇，我还有要紧事儿。,5,18913.30000002385,exp2,List2
74,272,蘑菇,动词。行动迟缓，拖延时间。,你再这么蘑菇下去，非误了火车不可！,4,23154.59999999998,exp2,List2
74,267,花红,名词。红利。,师爷分到花红，就寄给家里的老婆。,7,21256.39999998827,exp2,List2
74,244,粒子,名词。构成物体的比原子核更简单的物质，包括电子、质子、中子、光子、介子、超子和各种反粒子等。也叫基本粒子。,中子粒子在原子核中扮演着重要的角色，它们与质子共同决定了原子核的稳定性和性质。,7,1239.800000011921,exp2,List2
74,261,老公,名词。〈口语〉太监。,他就立刻进京，又走了老公的门路。,7,2238.300000011921,exp2,List2
75,202,烟花,名词。旧时指妓女。,沦为烟花。,5,3127.400000002235,exp2,List1
75,266,花红,名词。指有关结婚等喜庆事的礼物。,花红彩礼。,7,2674.899999999208,exp2,List1
75,231,积分,名词。积分描述物体运动的整体性质，例如由运动物体在各点的瞬间运动速度求物体运动的全部路程就是积分学的问题。,积分是高等数学中非常重要的一个分支。,7,5235.800000002142,exp2,List1
75,264,花红,名词。落叶小乔木，叶子卵形或椭圆形，花粉红色。果实球形，像苹果而小，黄绿色带微红，是常见的水果。,这种花红果实虽小，但口感独特，营养丰富。,7,2789.400000000838,exp2,List1
75,265,花红,名词。这种植物的果实。也叫林檎或沙果。,今天市场上的花红特别新鲜，颜色鲜红，看着就很有食欲。,7,1642,exp2,List1
76,271,蘑菇,动词。故意纠缠。,你别跟我蘑菇，我还有要紧事儿。,7,6212.899999999965,exp2,List2
76,272,蘑菇,动词。行动迟缓，拖延时间。,你再这么蘑菇下去，非误了火车不可！,7,2434,exp2,List2
76,267,花红,名词。红利。,师爷分到花红，就寄给家里的老婆。,7,2392.899999999907,exp2,List2
76,244,粒子,名词。构成物体的比原子核更简单的物质，包括电子、质子、中子、光子、介子、超子和各种反粒子等。也叫基本粒子。,中子粒子在原子核中扮演着重要的角色，它们与质子共同决定了原子核的稳定性和性质。,5,1818.800000000279,exp2,List2
76,261,老公,名词。〈口语〉太监。,他就立刻进京，又走了老公的门路。,7,2943.599999999627,exp2,List2
77,202,烟花,名词。旧时指妓女。,沦为烟花。,5,5533.599999999627,exp2,List1
77,266,花红,名词。指有关结婚等喜庆事的礼物。,花红彩礼。,4,2982.899999999907,exp2,List1
77,231,积分,名词。积分描述物体运动的整体性质，例如由运动物体在各点的瞬间运动速度求物体运动的全部路程就是积分学的问题。,积分是高等数学中非常重要的一个分支。,7,5720.799999999814,exp2,List1
77,264,花红,名词。落叶小乔木，叶子卵形或椭圆形，花粉红色。果实球形，像苹果而小，黄绿色带微红，是常见的水果。,这种花红果实虽小，但口感独特，营养丰富。,3,1681.5,exp2,List1
77,265,花红,名词。这种植物的果实。也叫林檎或沙果。,今天市场上的花红特别新鲜，颜色鲜红，看着就很有食欲。,6,5086.799999999814,exp2,List1
78,271,蘑菇,动词。故意纠缠。,你别跟我蘑菇，我还有要紧事儿。,2,7253.699999997742,exp2,List2
78,272,蘑菇,动词。行动迟缓，拖延时间。,你再这么蘑菇下去，非误了火车不可！,6,24068.69999999925,exp2,List2
78,267,花红,名词。红利。,师爷分到花红，就寄给家里的老婆。,7,3794.099999999162,exp2,List2
78,244,粒子,名词。构成物体的比原子核更简单的物质，包括电子、质子、中子、光子、介子、超子和各种反粒子等。也叫基本粒子。,中子粒子在原子核中扮演着重要的角色，它们与质子共同决定了原子核的稳定性和性质。,7,2314.39999999851,exp2,List2
78,261,老公,名词。〈口语〉太监。,他就立刻进京，又走了老公的门路。,7,8687.799999999814,exp2,List2
5,202,烟花,名词。旧时指妓女。,沦为烟花。,7,2726.89999999979,exp2,List1
5,266,花红,名词。指有关结婚等喜庆事的礼物。,花红彩礼。,7,2106,exp2,List1
5,231,积分,名词。积分描述物体运动的整体性质，例如由运动物体在各点的瞬间运动速度求物体运动的全部路程就是积分学的问题。,积分是高等数学中非常重要的一个分支。,7,4010.100000000093,exp2,List1
5,264,花红,名词。落叶小乔木，叶子卵形或椭圆形，花粉红色。果实球形，像苹果而小，黄绿色带微红，是常见的水果。,这种花红果实虽小，但口感独特，营养丰富。,7,3438.899999999441,exp2,List1
5,265,花红,名词。这种植物的果实。也叫林檎或沙果。,今天市场上的花红特别新鲜，颜色鲜红，看着就很有食欲。,7,3642.799999999814,exp2,List1
6,271,蘑菇,动词。故意纠缠。,你别跟我蘑菇，我还有要紧事儿。,7,4957.599999999977,exp2,List2
6,272,蘑菇,动词。行动迟缓，拖延时间。,你再这么蘑菇下去，非误了火车不可！,7,4693.999999928521,exp2,List2
6,267,花红,名词。红利。,师爷分到花红，就寄给家里的老婆。,7,4789.700000023935,exp2,List2
6,244,粒子,名词。构成物体的比原子核更简单的物质，包括电子、质子、中子、光子、介子、超子和各种反粒子等。也叫基本粒子。,中子粒子在原子核中扮演着重要的角色，它们与质子共同决定了原子核的稳定性和性质。,7,3527.600000023842,exp2,List2
6,261,老公,名词。〈口语〉太监。,他就立刻进京，又走了老公的门路。,7,2564.200000023469,exp2,List2
79,202,烟花,名词。旧时指妓女。,沦为烟花。,7,1276.100000095379,exp2,List1
79,266,花红,名词。指有关结婚等喜庆事的礼物。,花红彩礼。,7,3248.800000000047,exp2,List1
79,231,积分,名词。积分描述物体运动的整体性质，例如由运动物体在各点的瞬间运动速度求物体运动的全部路程就是积分学的问题。,积分是高等数学中非常重要的一个分支。,7,3241.300000000047,exp2,List1
79,264,花红,名词。落叶小乔木，叶子卵形或椭圆形，花粉红色。果实球形，像苹果而小，黄绿色带微红，是常见的水果。,这种花红果实虽小，但口感独特，营养丰富。,7,6092.000000142958,exp2,List1
79,265,花红,名词。这种植物的果实。也叫林檎或沙果。,今天市场上的花红特别新鲜，颜色鲜红，看着就很有食欲。,7,983.8000001432374,exp2,List1
80,271,蘑菇,动词。故意纠缠。,你别跟我蘑菇，我还有要紧事儿。,7,4002.300000000396,exp2,List2
80,272,蘑菇,动词。行动迟缓，拖延时间。,你再这么蘑菇下去，非误了火车不可！,7,2745.699999999837,exp2,List2
80,267,花红,名词。红利。,师爷分到花红，就寄给家里的老婆。,7,1648.199999999721,exp2,List2
80,244,粒子,名词。构成物体的比原子核更简单的物质，包括电子、质子、中子、光子、介子、超子和各种反粒子等。也叫基本粒子。,中子粒子在原子核中扮演着重要的角色，它们与质子共同决定了原子核的稳定性和性质。,7,4233.100000000093,exp2,List2
80,261,老公,名词。〈口语〉太监。,他就立刻进京，又走了老公的门路。,7,1431.100000001024,exp2,List2
81,202,烟花,名词。旧时指妓女。,沦为烟花。,7,5314.900000000023,exp2,List1
81,266,花红,名词。指有关结婚等喜庆事的礼物。,花红彩礼。,7,3896.600000000093,exp2,List1
81,231,积分,名词。积分描述物体运动的整体性质，例如由运动物体在各点的瞬间运动速度求物体运动的全部路程就是积分学的问题。,积分是高等数学中非常重要的一个分支。,7,2608.500000000233,exp2,List1
81,264,花红,名词。落叶小乔木，叶子卵形或椭圆形，花粉红色。果实球形，像苹果而小，黄绿色带微红，是常见的水果。,这种花红果实虽小，但口感独特，营养丰富。,7,1804.40000000014,exp2,List1
81,265,花红,名词。这种植物的果实。也叫林檎或沙果。,今天市场上的花红特别新鲜，颜色鲜红，看着就很有食欲。,7,1939.399999999907,exp2,List1
82,271,蘑菇,动词。故意纠缠。,你别跟我蘑菇，我还有要紧事儿。,7,9938.099999952305,exp2,List2
82,272,蘑菇,动词。行动迟缓，拖延时间。,你再这么蘑菇下去，非误了火车不可！,7,2322.399999952293,exp2,List2
82,267,花红,名词。红利。,师爷分到花红，就寄给家里的老婆。,7,3876.499999857042,exp2,List2
82,244,粒子,名词。构成物体的比原子核更简单的物质，包括电子、质子、中子、光子、介子、超子和各种反粒子等。也叫基本粒子。,中子粒子在原子核中扮演着重要的角色，它们与质子共同决定了原子核的稳定性和性质。,7,2487.599999809172,exp2,List2
82,261,老公,名词。〈口语〉太监。,他就立刻进京，又走了老公的门路。,7,29986.59999990463,exp2,List2
83,202,烟花,名词。旧时指妓女。,沦为烟花。,7,2009.400000095367,exp2,List1
83,266,花红,名词。指有关结婚等喜庆事的礼物。,花红彩礼。,6,1306.100000047707,exp2,List1
83,231,积分,名词。积分描述物体运动的整体性质，例如由运动物体在各点的瞬间运动速度求物体运动的全部路程就是积分学的问题。,积分是高等数学中非常重要的一个分支。,5,869.4999999522697,exp2,List1
83,264,花红,名词。落叶小乔木，叶子卵形或椭圆形，花粉红色。果实球形，像苹果而小，黄绿色带微红，是常见的水果。,这种花红果实虽小，但口感独特，营养丰富。,6,1561.800000047777,exp2,List1
83,265,花红,名词。这种植物的果实。也叫林檎或沙果。,今天市场上的花红特别新鲜，颜色鲜红，看着就很有食欲。,6,1707.399999999907,exp2,List1
84,271,蘑菇,动词。故意纠缠。,你别跟我蘑菇，我还有要紧事儿。,7,3830.200000000739,exp2,List2
84,272,蘑菇,动词。行动迟缓，拖延时间。,你再这么蘑菇下去，非误了火车不可！,7,5363.499999999243,exp2,List2
84,267,花红,名词。红利。,师爷分到花红，就寄给家里的老婆。,7,4530.999999998603,exp2,List2
84,244,粒子,名词。构成物体的比原子核更简单的物质，包括电子、质子、中子、光子、介子、超子和各种反粒子等。也叫基本粒子。,中子粒子在原子核中扮演着重要的角色，它们与质子共同决定了原子核的稳定性和性质。,7,1430.299999997718,exp2,List2
84,261,老公,名词。〈口语〉太监。,他就立刻进京，又走了老公的门路。,7,4781,exp2,List2
85,202,烟花,名词。旧时指妓女。,沦为烟花。,7,1761.999999928288,exp2,List1
85,266,花红,名词。指有关结婚等喜庆事的礼物。,花红彩礼。,6,1415.900000000373,exp2,List1
85,231,积分,名词。积分描述物体运动的整体性质，例如由运动物体在各点的瞬间运动速度求物体运动的全部路程就是积分学的问题。,积分是高等数学中非常重要的一个分支。,7,1372.200000023469,exp2,List1
85,264,花红,名词。落叶小乔木，叶子卵形或椭圆形，花粉红色。果实球形，像苹果而小，黄绿色带微红，是常见的水果。,这种花红果实虽小，但口感独特，营养丰富。,7,1270.099999976344,exp2,List1
85,265,花红,名词。这种植物的果实。也叫林檎或沙果。,今天市场上的花红特别新鲜，颜色鲜红，看着就很有食欲。,7,1853.100000023842,exp2,List1
86,271,蘑菇,动词。故意纠缠。,你别跟我蘑菇，我还有要紧事儿。,6,19221.90000000299,exp2,List2
86,272,蘑菇,动词。行动迟缓，拖延时间。,你再这么蘑菇下去，非误了火车不可！,4,21257.399999997,exp2,List2
86,267,花红,名词。红利。,师爷分到花红，就寄给家里的老婆。,7,3682.100000000093,exp2,List2
86,244,粒子,名词。构成物体的比原子核更简单的物质，包括电子、质子、中子、光子、介子、超子和各种反粒子等。也叫基本粒子。,中子粒子在原子核中扮演着重要的角色，它们与质子共同决定了原子核的稳定性和性质。,7,2961.299999994226,exp2,List2
86,261,老公,名词。〈口语〉太监。,他就立刻进京，又走了老公的门路。,7,4919.400000003166,exp2,List2
87,202,烟花,名词。旧时指妓女。,沦为烟花。,4,3390.699999928474,exp2,List1
87,266,花红,名词。指有关结婚等喜庆事的礼物。,花红彩礼。,7,3752.999999928521,exp2,List1
87,231,积分,名词。积分描述物体运动的整体性质，例如由运动物体在各点的瞬间运动速度求物体运动的全部路程就是积分学的问题。,积分是高等数学中非常重要的一个分支。,7,3724.299999976065,exp2,List1
87,264,花红,名词。落叶小乔木，叶子卵形或椭圆形，花粉红色。果实球形，像苹果而小，黄绿色带微红，是常见的水果。,这种花红果实虽小，但口感独特，营养丰富。,7,4376.499999928288,exp2,List1
87,265,花红,名词。这种植物的果实。也叫林檎或沙果。,今天市场上的花红特别新鲜，颜色鲜红，看着就很有食欲。,7,1942.799999904819,exp2,List1
88,271,蘑菇,动词。故意纠缠。,你别跟我蘑菇，我还有要紧事儿。,7,1985.799999952316,exp2,List2
88,272,蘑菇,动词。行动迟缓，拖延时间。,你再这么蘑菇下去，非误了火车不可！,7,1946.899999964226,exp2,List2
88,267,花红,名词。红利。,师爷分到花红，就寄给家里的老婆。,7,2936.499999988126,exp2,List2
88,244,粒子,名词。构成物体的比原子核更简单的物质，包括电子、质子、中子、光子、介子、超子和各种反粒子等。也叫基本粒子。,中子粒子在原子核中扮演着重要的角色，它们与质子共同决定了原子核的稳定性和性质。,7,2094.69999996433,exp2,List2
88,261,老公,名词。〈口语〉太监。,他就立刻进京，又走了老公的门路。,5,2248.399999964284,exp2,List2
89,202,烟花,名词。旧时指妓女。,沦为烟花。,7,2019.399999952293,exp2,List1
89,266,花红,名词。指有关结婚等喜庆事的礼物。,花红彩礼。,7,1729.400000000023,exp2,List1
89,231,积分,名词。积分描述物体运动的整体性质，例如由运动物体在各点的瞬间运动速度求物体运动的全部路程就是积分学的问题。,积分是高等数学中非常重要的一个分支。,7,1842.899999809451,exp2,List1
89,264,花红,名词。落叶小乔木，叶子卵形或椭圆形，花粉红色。果实球形，像苹果而小，黄绿色带微红，是常见的水果。,这种花红果实虽小，但口感独特，营养丰富。,7,3696.899999904446,exp2,List1
89,265,花红,名词。这种植物的果实。也叫林檎或沙果。,今天市场上的花红特别新鲜，颜色鲜红，看着就很有食欲。,7,1397.900000000373,exp2,List1
90,271,蘑菇,动词。故意纠缠。,你别跟我蘑菇，我还有要紧事儿。,7,5749.099999999977,exp2,List2
90,272,蘑菇,动词。行动迟缓，拖延时间。,你再这么蘑菇下去，非误了火车不可！,7,2876.399999999907,exp2,List2
90,267,花红,名词。红利。,师爷分到花红，就寄给家里的老婆。,7,2488.999999999767,exp2,List2
90,244,粒子,名词。构成物体的比原子核更简单的物质，包括电子、质子、中子、光子、介子、超子和各种反粒子等。也叫基本粒子。,中子粒子在原子核中扮演着重要的角色，它们与质子共同决定了原子核的稳定性和性质。,7,2465.400000000373,exp2,List2
90,261,老公,名词。〈口语〉太监。,他就立刻进京，又走了老公的门路。,7,2759.899999999907,exp2,List2
91,202,烟花,名词。旧时指妓女。,沦为烟花。,6,4411.599999999977,exp2,List1
91,266,花红,名词。指有关结婚等喜庆事的礼物。,花红彩礼。,7,2373.899999999907,exp2,List1
91,231,积分,名词。积分描述物体运动的整体性质，例如由运动物体在各点的瞬间运动速度求物体运动的全部路程就是积分学的问题。,积分是高等数学中非常重要的一个分支。,7,3618.200000000186,exp2,List1
91,264,花红,名词。落叶小乔木，叶子卵形或椭圆形，花粉红色。果实球形，像苹果而小，黄绿色带微红，是常见的水果。,这种花红果实虽小，但口感独特，营养丰富。,7,2523.300000000279,exp2,List1
91,265,花红,名词。这种植物的果实。也叫林檎或沙果。,今天市场上的花红特别新鲜，颜色鲜红，看着就很有食欲。,7,2077.599999999627,exp2,List1
92,271,蘑菇,动词。故意纠缠。,你别跟我蘑菇，我还有要紧事儿。,2,2205.845000000001,exp2,List2
92,272,蘑菇,动词。行动迟缓，拖延时间。,你再这么蘑菇下去，非误了火车不可！,7,3574.196999999811,exp2,List2
92,267,花红,名词。红利。,师爷分到花红，就寄给家里的老婆。,7,2358.250000000466,exp2,List2
92,244,粒子,名词。构成物体的比原子核更简单的物质，包括电子、质子、中子、光子、介子、超子和各种反粒子等。也叫基本粒子。,中子粒子在原子核中扮演着重要的角色，它们与质子共同决定了原子核的稳定性和性质。,7,3800.753000000026,exp2,List2
92,261,老公,名词。〈口语〉太监。,他就立刻进京，又走了老公的门路。,5,4246.556000000332,exp2,List2
93,202,烟花,名词。旧时指妓女。,沦为烟花。,7,4960.099999904633,exp2,List1
93,266,花红,名词。指有关结婚等喜庆事的礼物。,花红彩礼。,7,2065.599999904633,exp2,List1
93,231,积分,名词。积分描述物体运动的整体性质，例如由运动物体在各点的瞬间运动速度求物体运动的全部路程就是积分学的问题。,积分是高等数学中非常重要的一个分支。,7,1188.800000095274,exp2,List1
93,264,花红,名词。落叶小乔木，叶子卵形或椭圆形，花粉红色。果实球形，像苹果而小，黄绿色带微红，是常见的水果。,这种花红果实虽小，但口感独特，营养丰富。,7,1556.799999952316,exp2,List1
93,265,花红,名词。这种植物的果实。也叫林檎或沙果。,今天市场上的花红特别新鲜，颜色鲜红，看着就很有食欲。,7,1497.899999952409,exp2,List1
94,271,蘑菇,动词。故意纠缠。,你别跟我蘑菇，我还有要紧事儿。,7,3735.800000000047,exp2,List2
94,272,蘑菇,动词。行动迟缓，拖延时间。,你再这么蘑菇下去，非误了火车不可！,7,3262.400000000023,exp2,List2
94,267,花红,名词。红利。,师爷分到花红，就寄给家里的老婆。,7,890.2999999998137,exp2,List2
94,244,粒子,名词。构成物体的比原子核更简单的物质，包括电子、质子、中子、光子、介子、超子和各种反粒子等。也叫基本粒子。,中子粒子在原子核中扮演着重要的角色，它们与质子共同决定了原子核的稳定性和性质。,7,1873.200000000186,exp2,List2
94,261,老公,名词。〈口语〉太监。,他就立刻进京，又走了老公的门路。,7,11136,exp2,List2
95,202,烟花,名词。旧时指妓女。,沦为烟花。,7,4102.099999999977,exp2,List1
95,266,花红,名词。指有关结婚等喜庆事的礼物。,花红彩礼。,7,5057.100000000093,exp2,List1
95,231,积分,名词。积分描述物体运动的整体性质，例如由运动物体在各点的瞬间运动速度求物体运动的全部路程就是积分学的问题。,积分是高等数学中非常重要的一个分支。,7,3322,exp2,List1
95,264,花红,名词。落叶小乔木，叶子卵形或椭圆形，花粉红色。果实球形，像苹果而小，黄绿色带微红，是常见的水果。,这种花红果实虽小，但口感独特，营养丰富。,7,4217.200000000186,exp2,List1
95,265,花红,名词。这种植物的果实。也叫林檎或沙果。,今天市场上的花红特别新鲜，颜色鲜红，看着就很有食欲。,7,2163.700000000186,exp2,List1
96,271,蘑菇,动词。故意纠缠。,你别跟我蘑菇，我还有要紧事儿。,7,8062.900000381458,exp2,List2
96,272,蘑菇,动词。行动迟缓，拖延时间。,你再这么蘑菇下去，非误了火车不可！,7,12651.7000002861,exp2,List2
96,267,花红,名词。红利。,师爷分到花红，就寄给家里的老婆。,7,3126.200000381563,exp2,List2
96,244,粒子,名词。构成物体的比原子核更简单的物质，包括电子、质子、中子、光子、介子、超子和各种反粒子等。也叫基本粒子。,中子粒子在原子核中扮演着重要的角色，它们与质子共同决定了原子核的稳定性和性质。,7,2041.100000286009,exp2,List2
96,261,老公,名词。〈口语〉太监。,他就立刻进京，又走了老公的门路。,7,2789.500000285916,exp2,List2
97,202,烟花,名词。旧时指妓女。,沦为烟花。,7,2670.900000000023,exp2,List1
97,266,花红,名词。指有关结婚等喜庆事的礼物。,花红彩礼。,7,1614.800000000047,exp2,List1
97,231,积分,名词。积分描述物体运动的整体性质，例如由运动物体在各点的瞬间运动速度求物体运动的全部路程就是积分学的问题。,积分是高等数学中非常重要的一个分支。,7,2637.799999976065,exp2,List1
97,264,花红,名词。落叶小乔木，叶子卵形或椭圆形，花粉红色。果实球形，像苹果而小，黄绿色带微红，是常见的水果。,这种花红果实虽小，但口感独特，营养丰富。,7,2324.400000012014,exp2,List1
97,265,花红,名词。这种植物的果实。也叫林檎或沙果。,今天市场上的花红特别新鲜，颜色鲜红，看着就很有食欲。,7,1363.099999987986,exp2,List1
98,271,蘑菇,动词。故意纠缠。,你别跟我蘑菇，我还有要紧事儿。,5,6314.5,exp2,List2
98,272,蘑菇,动词。行动迟缓，拖延时间。,你再这么蘑菇下去，非误了火车不可！,4,12914.59999999998,exp2,List2
98,267,花红,名词。红利。,师爷分到花红，就寄给家里的老婆。,7,3580.799999976065,exp2,List2
98,244,粒子,名词。构成物体的比原子核更简单的物质，包括电子、质子、中子、光子、介子、超子和各种反粒子等。也叫基本粒子。,中子粒子在原子核中扮演着重要的角色，它们与质子共同决定了原子核的稳定性和性质。,6,2313.099999952363,exp2,List2
98,261,老公,名词。〈口语〉太监。,他就立刻进京，又走了老公的门路。,7,2064.299999976065,exp2,List2
7,202,烟花,名词。旧时指妓女。,沦为烟花。,7,5842.799999998533,exp2,List1
7,266,花红,名词。指有关结婚等喜庆事的礼物。,花红彩礼。,7,7578.999999998603,exp2,List1
7,231,积分,名词。积分描述物体运动的整体性质，例如由运动物体在各点的瞬间运动速度求物体运动的全部路程就是积分学的问题。,积分是高等数学中非常重要的一个分支。,7,3446.100000000093,exp2,List1
7,264,花红,名词。落叶小乔木，叶子卵形或椭圆形，花粉红色。果实球形，像苹果而小，黄绿色带微红，是常见的水果。,这种花红果实虽小，但口感独特，营养丰富。,7,6337.89999999851,exp2,List1
7,265,花红,名词。这种植物的果实。也叫林檎或沙果。,今天市场上的花红特别新鲜，颜色鲜红，看着就很有食欲。,7,3322.400000001304,exp2,List1
8,271,蘑菇,动词。故意纠缠。,你别跟我蘑菇，我还有要紧事儿。,7,7318.90000002383,exp2,List2
8,272,蘑菇,动词。行动迟缓，拖延时间。,你再这么蘑菇下去，非误了火车不可！,7,2840.299999988056,exp2,List2
8,267,花红,名词。红利。,师爷分到花红，就寄给家里的老婆。,7,2312.499999988126,exp2,List2
8,244,粒子,名词。构成物体的比原子核更简单的物质，包括电子、质子、中子、光子、介子、超子和各种反粒子等。也叫基本粒子。,中子粒子在原子核中扮演着重要的角色，它们与质子共同决定了原子核的稳定性和性质。,7,1766.100000023842,exp2,List2
8,261,老公,名词。〈口语〉太监。,他就立刻进京，又走了老公的门路。,6,4337.000000023749,exp2,List2
99,202,烟花,名词。旧时指妓女。,沦为烟花。,7,3195.70000000007,exp2,List1
99,266,花红,名词。指有关结婚等喜庆事的礼物。,花红彩礼。,7,1176.40000000014,exp2,List1
99,231,积分,名词。积分描述物体运动的整体性质，例如由运动物体在各点的瞬间运动速度求物体运动的全部路程就是积分学的问题。,积分是高等数学中非常重要的一个分支。,7,1642.799999999814,exp2,List1
99,264,花红,名词。落叶小乔木，叶子卵形或椭圆形，花粉红色。果实球形，像苹果而小，黄绿色带微红，是常见的水果。,这种花红果实虽小，但口感独特，营养丰富。,7,3477.499999999534,exp2,List1
99,265,花红,名词。这种植物的果实。也叫林檎或沙果。,今天市场上的花红特别新鲜，颜色鲜红，看着就很有食欲。,7,1619,exp2,List1
100,271,蘑菇,动词。故意纠缠。,你别跟我蘑菇，我还有要紧事儿。,7,6251.399999988091,exp2,List2
100,272,蘑菇,动词。行动迟缓，拖延时间。,你再这么蘑菇下去，非误了火车不可！,7,3887.799999993993,exp2,List2
100,267,花红,名词。红利。,师爷分到花红，就寄给家里的老婆。,7,2016.999999991152,exp2,List2
100,244,粒子,名词。构成物体的比原子核更简单的物质，包括电子、质子、中子、光子、介子、超子和各种反粒子等。也叫基本粒子。,中子粒子在原子核中扮演着重要的角色，它们与质子共同决定了原子核的稳定性和性质。,5,1827.699999996927,exp2,List2
100,261,老公,名词。〈口语〉太监。,他就立刻进京，又走了老公的门路。,1,1899.499999993946,exp2,List2
9,202,烟花,名词。旧时指妓女。,沦为烟花。,7,14081.89999995229,exp2,List1
9,266,花红,名词。指有关结婚等喜庆事的礼物。,花红彩礼。,5,3057.799999904586,exp2,List1
9,231,积分,名词。积分描述物体运动的整体性质，例如由运动物体在各点的瞬间运动速度求物体运动的全部路程就是积分学的问题。,积分是高等数学中非常重要的一个分支。,7,1731.599999856902,exp2,List1
9,264,花红,名词。落叶小乔木，叶子卵形或椭圆形，花粉红色。果实球形，像苹果而小，黄绿色带微红，是常见的水果。,这种花红果实虽小，但口感独特，营养丰富。,7,1548.199999856995,exp2,List1
9,265,花红,名词。这种植物的果实。也叫林檎或沙果。,今天市场上的花红特别新鲜，颜色鲜红，看着就很有食欲。,7,1432.59999995213,exp2,List1
10,271,蘑菇,动词。故意纠缠。,你别跟我蘑菇，我还有要紧事儿。,7,4225.200000000012,exp2,List2
10,272,蘑菇,动词。行动迟缓，拖延时间。,你再这么蘑菇下去，非误了火车不可！,6,7324.599999999919,exp2,List2
10,267,花红,名词。红利。,师爷分到花红，就寄给家里的老婆。,7,3210.700000000186,exp2,List2
10,244,粒子,名词。构成物体的比原子核更简单的物质，包括电子、质子、中子、光子、介子、超子和各种反粒子等。也叫基本粒子。,中子粒子在原子核中扮演着重要的角色，它们与质子共同决定了原子核的稳定性和性质。,7,2931.500000000466,exp2,List2
10,261,老公,名词。〈口语〉太监。,他就立刻进京，又走了老公的门路。,7,3277.600000000093,exp2,List2
11,202,烟花,名词。旧时指妓女。,沦为烟花。,7,3284.80000004766,exp2,List1
11,266,花红,名词。指有关结婚等喜庆事的礼物。,花红彩礼。,7,5829.599999999977,exp2,List1
11,231,积分,名词。积分描述物体运动的整体性质，例如由运动物体在各点的瞬间运动速度求物体运动的全部路程就是积分学的问题。,积分是高等数学中非常重要的一个分支。,6,2455.500000035856,exp2,List1
11,264,花红,名词。落叶小乔木，叶子卵形或椭圆形，花粉红色。果实球形，像苹果而小，黄绿色带微红，是常见的水果。,这种花红果实虽小，但口感独特，营养丰富。,7,4594.600000011967,exp2,List1
11,265,花红,名词。这种植物的果实。也叫林檎或沙果。,今天市场上的花红特别新鲜，颜色鲜红，看着就很有食欲。,7,4114.100000023842,exp2,List1
12,271,蘑菇,动词。故意纠缠。,你别跟我蘑菇，我还有要紧事儿。,7,11767.39999999927,exp2,List2
12,272,蘑菇,动词。行动迟缓，拖延时间。,你再这么蘑菇下去，非误了火车不可！,7,3665.89999999851,exp2,List2
12,267,花红,名词。红利。,师爷分到花红，就寄给家里的老婆。,7,11133.59999999846,exp2,List2
12,244,粒子,名词。构成物体的比原子核更简单的物质，包括电子、质子、中子、光子、介子、超子和各种反粒子等。也叫基本粒子。,中子粒子在原子核中扮演着重要的角色，它们与质子共同决定了原子核的稳定性和性质。,5,2410.599999998463,exp2,List2
12,261,老公,名词。〈口语〉太监。,他就立刻进京，又走了老公的门路。,7,2557.199999998324,exp2,List2
13,202,烟花,名词。旧时指妓女。,沦为烟花。,7,4960.000000001513,exp2,List1
13,266,花红,名词。指有关结婚等喜庆事的礼物。,花红彩礼。,7,8320.699999999953,exp2,List1
13,231,积分,名词。积分描述物体运动的整体性质，例如由运动物体在各点的瞬间运动速度求物体运动的全部路程就是积分学的问题。,积分是高等数学中非常重要的一个分支。,7,4836.400000004563,exp2,List1
13,264,花红,名词。落叶小乔木，叶子卵形或椭圆形，花粉红色。果实球形，像苹果而小，黄绿色带微红，是常见的水果。,这种花红果实虽小，但口感独特，营养丰富。,7,19760.70000000019,exp2,List1
13,265,花红,名词。这种植物的果实。也叫林檎或沙果。,今天市场上的花红特别新鲜，颜色鲜红，看着就很有食欲。,7,4984.700000005774,exp2,List1
14,271,蘑菇,动词。故意纠缠。,你别跟我蘑菇，我还有要紧事儿。,5,5674.699999982113,exp2,List2
14,272,蘑菇,动词。行动迟缓，拖延时间。,你再这么蘑菇下去，非误了火车不可！,3,21252.70000000001,exp2,List2
14,267,花红,名词。红利。,师爷分到花红，就寄给家里的老婆。,4,3804.600000005914,exp2,List2
14,244,粒子,名词。构成物体的比原子核更简单的物质，包括电子、质子、中子、光子、介子、超子和各种反粒子等。也叫基本粒子。,中子粒子在原子核中扮演着重要的角色，它们与质子共同决定了原子核的稳定性和性质。,7,1936.5,exp2,List2
14,261,老公,名词。〈口语〉太监。,他就立刻进京，又走了老公的门路。,6,7721.099999981932,exp2,List2
15,202,烟花,名词。旧时指妓女。,沦为烟花。,5,2982.80000004766,exp2,List1
15,266,花红,名词。指有关结婚等喜庆事的礼物。,花红彩礼。,7,1648.599999999977,exp2,List1
15,231,积分,名词。积分描述物体运动的整体性质，例如由运动物体在各点的瞬间运动速度求物体运动的全部路程就是积分学的问题。,积分是高等数学中非常重要的一个分支。,7,3264.700000095414,exp2,List1
15,264,花红,名词。落叶小乔木，叶子卵形或椭圆形，花粉红色。果实球形，像苹果而小，黄绿色带微红，是常见的水果。,这种花红果实虽小，但口感独特，营养丰富。,7,1816,exp2,List1
15,265,花红,名词。这种植物的果实。也叫林檎或沙果。,今天市场上的花红特别新鲜，颜色鲜红，看着就很有食欲。,7,1964.300000143237,exp2,List1
16,271,蘑菇,动词。故意纠缠。,你别跟我蘑菇，我还有要紧事儿。,4,4480.09999999404,exp2,List2
16,272,蘑菇,动词。行动迟缓，拖延时间。,你再这么蘑菇下去，非误了火车不可！,7,4581.699999988079,exp2,List2
16,267,花红,名词。红利。,师爷分到花红，就寄给家里的老婆。,7,1914.09999999404,exp2,List2
16,244,粒子,名词。构成物体的比原子核更简单的物质，包括电子、质子、中子、光子、介子、超子和各种反粒子等。也叫基本粒子。,中子粒子在原子核中扮演着重要的角色，它们与质子共同决定了原子核的稳定性和性质。,5,4329.600000008941,exp2,List2
16,261,老公,名词。〈口语〉太监。,他就立刻进京，又走了老公的门路。,7,2195.800000011921,exp2,List2
17,202,烟花,名词。旧时指妓女。,沦为烟花。,7,6317.299999999988,exp2,List1
17,266,花红,名词。指有关结婚等喜庆事的礼物。,花红彩礼。,6,3546.799999988056,exp2,List1
17,231,积分,名词。积分描述物体运动的整体性质，例如由运动物体在各点的瞬间运动速度求物体运动的全部路程就是积分学的问题。,积分是高等数学中非常重要的一个分支。,7,2229.700000023935,exp2,List1
17,264,花红,名词。落叶小乔木，叶子卵形或椭圆形，花粉红色。果实球形，像苹果而小，黄绿色带微红，是常见的水果。,这种花红果实虽小，但口感独特，营养丰富。,6,10792.59999998799,exp2,List1
17,265,花红,名词。这种植物的果实。也叫林檎或沙果。,今天市场上的花红特别新鲜，颜色鲜红，看着就很有食欲。,7,4125.300000024028,exp2,List1
18,271,蘑菇,动词。故意纠缠。,你别跟我蘑菇，我还有要紧事儿。,4,1049.300000000745,exp2,List2
18,272,蘑菇,动词。行动迟缓，拖延时间。,你再这么蘑菇下去，非误了火车不可！,6,979.5000000007568,exp2,List2
18,267,花红,名词。红利。,师爷分到花红，就寄给家里的老婆。,6,664.2000000007683,exp2,List2
18,244,粒子,名词。构成物体的比原子核更简单的物质，包括电子、质子、中子、光子、介子、超子和各种反粒子等。也叫基本粒子。,中子粒子在原子核中扮演着重要的角色，它们与质子共同决定了原子核的稳定性和性质。,4,2016.2999999992321,exp2,List2
18,261,老公,名词。〈口语〉太监。,他就立刻进京，又走了老公的门路。,5,1148.200000000652,exp2,List2
1,267,花红,名词。红利。,师爷分到花红，就寄给家里的老婆。,7,3438,exp1,List2
1,272,蘑菇,动词。行动迟缓，拖延时间。,你再这么蘑菇下去，非误了火车不可！,7,4179,exp1,List2
1,202,烟花,名词。旧时指妓女。,沦为烟花。,7,2823,exp1,List1
1,271,蘑菇,动词。故意纠缠。,你别跟我蘑菇，我还有要紧事儿。,7,1933,exp1,List2
1,244,粒子,名词。构成物体的比原子核更简单的物质，包括电子、质子、中子、光子、介子、超子和各种反粒子等。也叫基本粒子。,中子粒子在原子核中扮演着重要的角色，它们与质子共同决定了原子核的稳定性和性质。,7,3210,exp1,List2
1,266,花红,名词。指有关结婚等喜庆事的礼物。,花红彩礼。,7,3546,exp1,List1
1,264,花红,名词。落叶小乔木，叶子卵形或椭圆形，花粉红色。果实球形，像苹果而小，黄绿色带微红，是常见的水果。,这种花红果实虽小，但口感独特，营养丰富。,7,6462,exp1,List1
10,267,花红,名词。红利。,师爷分到花红，就寄给家里的老婆。,7,4003,exp1,List2
10,272,蘑菇,动词。行动迟缓，拖延时间。,你再这么蘑菇下去，非误了火车不可！,7,2476,exp1,List2
10,261,老公,名词。〈口语〉太监。,他就立刻进京，又走了老公的门路。,7,3801,exp1,List2
10,231,积分,名词。积分描述物体运动的整体性质，例如由运动物体在各点的瞬间运动速度求物体运动的全部路程就是积分学的问题。,积分是高等数学中非常重要的一个分支。,7,4654,exp1,List1
10,264,花红,名词。落叶小乔木，叶子卵形或椭圆形，花粉红色。果实球形，像苹果而小，黄绿色带微红，是常见的水果。,这种花红果实虽小，但口感独特，营养丰富。,7,3375,exp1,List1
10,266,花红,名词。指有关结婚等喜庆事的礼物。,花红彩礼。,7,2783,exp1,List1
10,244,粒子,名词。构成物体的比原子核更简单的物质，包括电子、质子、中子、光子、介子、超子和各种反粒子等。也叫基本粒子。,中子粒子在原子核中扮演着重要的角色，它们与质子共同决定了原子核的稳定性和性质。,7,1649,exp1,List2
10,271,蘑菇,动词。故意纠缠。,你别跟我蘑菇，我还有要紧事儿。,7,2173,exp1,List2
10,265,花红,名词。这种植物的果实。也叫林檎或沙果。,今天市场上的花红特别新鲜，颜色鲜红，看着就很有食欲。,7,2167,exp1,List1
10,202,烟花,名词。旧时指妓女。,沦为烟花。,4,1020,exp1,List1
11,244,粒子,名词。构成物体的比原子核更简单的物质，包括电子、质子、中子、光子、介子、超子和各种反粒子等。也叫基本粒子。,中子粒子在原子核中扮演着重要的角色，它们与质子共同决定了原子核的稳定性和性质。,6,3403,exp1,List2
11,265,花红,名词。这种植物的果实。也叫林檎或沙果。,今天市场上的花红特别新鲜，颜色鲜红，看着就很有食欲。,7,5583,exp1,List1
11,261,老公,名词。〈口语〉太监。,他就立刻进京，又走了老公的门路。,7,5445,exp1,List2
11,271,蘑菇,动词。故意纠缠。,你别跟我蘑菇，我还有要紧事儿。,7,5164,exp1,List2
11,272,蘑菇,动词。行动迟缓，拖延时间。,你再这么蘑菇下去，非误了火车不可！,7,2792,exp1,List2
11,231,积分,名词。积分描述物体运动的整体性质，例如由运动物体在各点的瞬间运动速度求物体运动的全部路程就是积分学的问题。,积分是高等数学中非常重要的一个分支。,7,9164,exp1,List1
11,266,花红,名词。指有关结婚等喜庆事的礼物。,花红彩礼。,7,2878,exp1,List1
11,264,花红,名词。落叶小乔木，叶子卵形或椭圆形，花粉红色。果实球形，像苹果而小，黄绿色带微红，是常见的水果。,这种花红果实虽小，但口感独特，营养丰富。,7,4893,exp1,List1
11,202,烟花,名词。旧时指妓女。,沦为烟花。,7,2473,exp1,List1
11,267,花红,名词。红利。,师爷分到花红，就寄给家里的老婆。,7,3211,exp1,List2
12,264,花红,名词。落叶小乔木，叶子卵形或椭圆形，花粉红色。果实球形，像苹果而小，黄绿色带微红，是常见的水果。,这种花红果实虽小，但口感独特，营养丰富。,6,3384,exp1,List1
12,267,花红,名词。红利。,师爷分到花红，就寄给家里的老婆。,7,1445,exp1,List2
12,265,花红,名词。这种植物的果实。也叫林檎或沙果。,今天市场上的花红特别新鲜，颜色鲜红，看着就很有食欲。,7,2718,exp1,List1
12,244,粒子,名词。构成物体的比原子核更简单的物质，包括电子、质子、中子、光子、介子、超子和各种反粒子等。也叫基本粒子。,中子粒子在原子核中扮演着重要的角色，它们与质子共同决定了原子核的稳定性和性质。,7,3481,exp1,List2
12,202,烟花,名词。旧时指妓女。,沦为烟花。,7,1971,exp1,List1
12,271,蘑菇,动词。故意纠缠。,你别跟我蘑菇，我还有要紧事儿。,7,2370,exp1,List2
12,272,蘑菇,动词。行动迟缓，拖延时间。,你再这么蘑菇下去，非误了火车不可！,6,1176,exp1,List2
12,231,积分,名词。积分描述物体运动的整体性质，例如由运动物体在各点的瞬间运动速度求物体运动的全部路程就是积分学的问题。,积分是高等数学中非常重要的一个分支。,7,1767,exp1,List1
12,266,花红,名词。指有关结婚等喜庆事的礼物。,花红彩礼。,7,1462,exp1,List1
12,261,老公,名词。〈口语〉太监。,他就立刻进京，又走了老公的门路。,7,1946,exp1,List2
13,272,蘑菇,动词。行动迟缓，拖延时间。,你再这么蘑菇下去，非误了火车不可！,3,847,exp1,List2
13,264,花红,名词。落叶小乔木，叶子卵形或椭圆形，花粉红色。果实球形，像苹果而小，黄绿色带微红，是常见的水果。,这种花红果实虽小，但口感独特，营养丰富。,5,1270,exp1,List1
13,266,花红,名词。指有关结婚等喜庆事的礼物。,花红彩礼。,6,1225,exp1,List1
13,267,花红,名词。红利。,师爷分到花红，就寄给家里的老婆。,6,4377,exp1,List2
13,244,粒子,名词。构成物体的比原子核更简单的物质，包括电子、质子、中子、光子、介子、超子和各种反粒子等。也叫基本粒子。,中子粒子在原子核中扮演着重要的角色，它们与质子共同决定了原子核的稳定性和性质。,7,1779,exp1,List2
13,261,老公,名词。〈口语〉太监。,他就立刻进京，又走了老公的门路。,7,2862,exp1,List2
13,271,蘑菇,动词。故意纠缠。,你别跟我蘑菇，我还有要紧事儿。,7,1453,exp1,List2
13,231,积分,名词。积分描述物体运动的整体性质，例如由运动物体在各点的瞬间运动速度求物体运动的全部路程就是积分学的问题。,积分是高等数学中非常重要的一个分支。,7,2523,exp1,List1
13,265,花红,名词。这种植物的果实。也叫林檎或沙果。,今天市场上的花红特别新鲜，颜色鲜红，看着就很有食欲。,6,1417,exp1,List1
13,202,烟花,名词。旧时指妓女。,沦为烟花。,7,1512,exp1,List1
14,202,烟花,名词。旧时指妓女。,沦为烟花。,7,3684,exp1,List1
14,265,花红,名词。这种植物的果实。也叫林檎或沙果。,今天市场上的花红特别新鲜，颜色鲜红，看着就很有食欲。,7,2719,exp1,List1
14,264,花红,名词。落叶小乔木，叶子卵形或椭圆形，花粉红色。果实球形，像苹果而小，黄绿色带微红，是常见的水果。,这种花红果实虽小，但口感独特，营养丰富。,7,1231,exp1,List1
14,231,积分,名词。积分描述物体运动的整体性质，例如由运动物体在各点的瞬间运动速度求物体运动的全部路程就是积分学的问题。,积分是高等数学中非常重要的一个分支。,5,2104,exp1,List1
14,244,粒子,名词。构成物体的比原子核更简单的物质，包括电子、质子、中子、光子、介子、超子和各种反粒子等。也叫基本粒子。,中子粒子在原子核中扮演着重要的角色，它们与质子共同决定了原子核的稳定性和性质。,7,1252,exp1,List2
14,261,老公,名词。〈口语〉太监。,他就立刻进京，又走了老公的门路。,1,1073,exp1,List2
14,267,花红,名词。红利。,师爷分到花红，就寄给家里的老婆。,7,1891,exp1,List2
14,266,花红,名词。指有关结婚等喜庆事的礼物。,花红彩礼。,7,1361,exp1,List1
14,271,蘑菇,动词。故意纠缠。,你别跟我蘑菇，我还有要紧事儿。,7,1327,exp1,List2
15,231,积分,名词。积分描述物体运动的整体性质，例如由运动物体在各点的瞬间运动速度求物体运动的全部路程就是积分学的问题。,积分是高等数学中非常重要的一个分支。,7,4968,exp1,List1
15,272,蘑菇,动词。行动迟缓，拖延时间。,你再这么蘑菇下去，非误了火车不可！,1,3256,exp1,List2
15,202,烟花,名词。旧时指妓女。,沦为烟花。,6,3200,exp1,List1
15,271,蘑菇,动词。故意纠缠。,你别跟我蘑菇，我还有要紧事儿。,5,3968,exp1,List2
15,266,花红,名词。指有关结婚等喜庆事的礼物。,花红彩礼。,4,2515,exp1,List1
15,267,花红,名词。红利。,师爷分到花红，就寄给家里的老婆。,4,2334,exp1,List2
15,265,花红,名词。这种植物的果实。也叫林檎或沙果。,今天市场上的花红特别新鲜，颜色鲜红，看着就很有食欲。,6,3538,exp1,List1
15,261,老公,名词。〈口语〉太监。,他就立刻进京，又走了老公的门路。,7,3263,exp1,List2
15,244,粒子,名词。构成物体的比原子核更简单的物质，包括电子、质子、中子、光子、介子、超子和各种反粒子等。也叫基本粒子。,中子粒子在原子核中扮演着重要的角色，它们与质子共同决定了原子核的稳定性和性质。,6,3101,exp1,List2
16,231,积分,名词。积分描述物体运动的整体性质，例如由运动物体在各点的瞬间运动速度求物体运动的全部路程就是积分学的问题。,积分是高等数学中非常重要的一个分支。,6,10039,exp1,List1
16,271,蘑菇,动词。故意纠缠。,你别跟我蘑菇，我还有要紧事儿。,7,7407,exp1,List2
16,265,花红,名词。这种植物的果实。也叫林檎或沙果。,今天市场上的花红特别新鲜，颜色鲜红，看着就很有食欲。,7,7056,exp1,List1
16,264,花红,名词。落叶小乔木，叶子卵形或椭圆形，花粉红色。果实球形，像苹果而小，黄绿色带微红，是常见的水果。,这种花红果实虽小，但口感独特，营养丰富。,7,4724,exp1,List1
16,272,蘑菇,动词。行动迟缓，拖延时间。,你再这么蘑菇下去，非误了火车不可！,7,3312,exp1,List2
16,202,烟花,名词。旧时指妓女。,沦为烟花。,7,2391,exp1,List1
16,266,花红,名词。指有关结婚等喜庆事的礼物。,花红彩礼。,7,2071,exp1,List1
16,261,老公,名词。〈口语〉太监。,他就立刻进京，又走了老公的门路。,7,3783,exp1,List2
16,267,花红,名词。红利。,师爷分到花红，就寄给家里的老婆。,7,2629,exp1,List2
16,244,粒子,名词。构成物体的比原子核更简单的物质，包括电子、质子、中子、光子、介子、超子和各种反粒子等。也叫基本粒子。,中子粒子在原子核中扮演着重要的角色，它们与质子共同决定了原子核的稳定性和性质。,7,2060,exp1,List2
17,264,花红,名词。落叶小乔木，叶子卵形或椭圆形，花粉红色。果实球形，像苹果而小，黄绿色带微红，是常见的水果。,这种花红果实虽小，但口感独特，营养丰富。,7,7857,exp1,List1
17,231,积分,名词。积分描述物体运动的整体性质，例如由运动物体在各点的瞬间运动速度求物体运动的全部路程就是积分学的问题。,积分是高等数学中非常重要的一个分支。,7,3397,exp1,List1
17,261,老公,名词。〈口语〉太监。,他就立刻进京，又走了老公的门路。,7,12186,exp1,List2
17,267,花红,名词。红利。,师爷分到花红，就寄给家里的老婆。,7,2574,exp1,List2
17,265,花红,名词。这种植物的果实。也叫林檎或沙果。,今天市场上的花红特别新鲜，颜色鲜红，看着就很有食欲。,7,6047,exp1,List1
17,244,粒子,名词。构成物体的比原子核更简单的物质，包括电子、质子、中子、光子、介子、超子和各种反粒子等。也叫基本粒子。,中子粒子在原子核中扮演着重要的角色，它们与质子共同决定了原子核的稳定性和性质。,7,3496,exp1,List2
17,271,蘑菇,动词。故意纠缠。,你别跟我蘑菇，我还有要紧事儿。,7,2657,exp1,List2
17,272,蘑菇,动词。行动迟缓，拖延时间。,你再这么蘑菇下去，非误了火车不可！,7,5301,exp1,List2
17,202,烟花,名词。旧时指妓女。,沦为烟花。,7,4679,exp1,List1
17,266,花红,名词。指有关结婚等喜庆事的礼物。,花红彩礼。,7,2444,exp1,List1
18,267,花红,名词。红利。,师爷分到花红，就寄给家里的老婆。,7,4676,exp1,List2
18,272,蘑菇,动词。行动迟缓，拖延时间。,你再这么蘑菇下去，非误了火车不可！,7,4109,exp1,List2
18,231,积分,名词。积分描述物体运动的整体性质，例如由运动物体在各点的瞬间运动速度求物体运动的全部路程就是积分学的问题。,积分是高等数学中非常重要的一个分支。,7,6979,exp1,List1
18,261,老公,名词。〈口语〉太监。,他就立刻进京，又走了老公的门路。,7,4708,exp1,List2
18,271,蘑菇,动词。故意纠缠。,你别跟我蘑菇，我还有要紧事儿。,7,2318,exp1,List2
18,244,粒子,名词。构成物体的比原子核更简单的物质，包括电子、质子、中子、光子、介子、超子和各种反粒子等。也叫基本粒子。,中子粒子在原子核中扮演着重要的角色，它们与质子共同决定了原子核的稳定性和性质。,7,2410,exp1,List2
18,202,烟花,名词。旧时指妓女。,沦为烟花。,7,2025,exp1,List1
18,266,花红,名词。指有关结婚等喜庆事的礼物。,花红彩礼。,7,3087,exp1,List1
18,265,花红,名词。这种植物的果实。也叫林檎或沙果。,今天市场上的花红特别新鲜，颜色鲜红，看着就很有食欲。,7,3832,exp1,List1
18,264,花红,名词。落叶小乔木，叶子卵形或椭圆形，花粉红色。果实球形，像苹果而小，黄绿色带微红，是常见的水果。,这种花红果实虽小，但口感独特，营养丰富。,7,2331,exp1,List1
19,272,蘑菇,动词。行动迟缓，拖延时间。,你再这么蘑菇下去，非误了火车不可！,2,2798,exp1,List2
19,231,积分,名词。积分描述物体运动的整体性质，例如由运动物体在各点的瞬间运动速度求物体运动的全部路程就是积分学的问题。,积分是高等数学中非常重要的一个分支。,6,4209,exp1,List1
19,266,花红,名词。指有关结婚等喜庆事的礼物。,花红彩礼。,6,3527,exp1,List1
19,267,花红,名词。红利。,师爷分到花红，就寄给家里的老婆。,6,1792,exp1,List2
19,261,老公,名词。〈口语〉太监。,他就立刻进京，又走了老公的门路。,6,6025,exp1,List2
19,202,烟花,名词。旧时指妓女。,沦为烟花。,7,3116,exp1,List1
19,265,花红,名词。这种植物的果实。也叫林檎或沙果。,今天市场上的花红特别新鲜，颜色鲜红，看着就很有食欲。,7,5684,exp1,List1
19,244,粒子,名词。构成物体的比原子核更简单的物质，包括电子、质子、中子、光子、介子、超子和各种反粒子等。也叫基本粒子。,中子粒子在原子核中扮演着重要的角色，它们与质子共同决定了原子核的稳定性和性质。,6,2458,exp1,List2
19,271,蘑菇,动词。故意纠缠。,你别跟我蘑菇，我还有要紧事儿。,2,3049,exp1,List2
19,264,花红,名词。落叶小乔木，叶子卵形或椭圆形，花粉红色。果实球形，像苹果而小，黄绿色带微红，是常见的水果。,这种花红果实虽小，但口感独特，营养丰富。,7,1624,exp1,List1
2,266,花红,名词。指有关结婚等喜庆事的礼物。,花红彩礼。,6,4638,exp1,List1
2,231,积分,名词。积分描述物体运动的整体性质，例如由运动物体在各点的瞬间运动速度求物体运动的全部路程就是积分学的问题。,积分是高等数学中非常重要的一个分支。,7,6082,exp1,List1
2,265,花红,名词。这种植物的果实。也叫林檎或沙果。,今天市场上的花红特别新鲜，颜色鲜红，看着就很有食欲。,7,2244,exp1,List1
2,261,老公,名词。〈口语〉太监。,他就立刻进京，又走了老公的门路。,7,2131,exp1,List2
2,271,蘑菇,动词。故意纠缠。,你别跟我蘑菇，我还有要紧事儿。,7,3170,exp1,List2
2,244,粒子,名词。构成物体的比原子核更简单的物质，包括电子、质子、中子、光子、介子、超子和各种反粒子等。也叫基本粒子。,中子粒子在原子核中扮演着重要的角色，它们与质子共同决定了原子核的稳定性和性质。,7,10155,exp1,List2
2,202,烟花,名词。旧时指妓女。,沦为烟花。,7,2097,exp1,List1
2,264,花红,名词。落叶小乔木，叶子卵形或椭圆形，花粉红色。果实球形，像苹果而小，黄绿色带微红，是常见的水果。,这种花红果实虽小，但口感独特，营养丰富。,7,3130,exp1,List1
20,244,粒子,名词。构成物体的比原子核更简单的物质，包括电子、质子、中子、光子、介子、超子和各种反粒子等。也叫基本粒子。,中子粒子在原子核中扮演着重要的角色，它们与质子共同决定了原子核的稳定性和性质。,7,1784,exp1,List2
20,267,花红,名词。红利。,师爷分到花红，就寄给家里的老婆。,7,2213,exp1,List2
20,202,烟花,名词。旧时指妓女。,沦为烟花。,7,1646,exp1,List1
20,231,积分,名词。积分描述物体运动的整体性质，例如由运动物体在各点的瞬间运动速度求物体运动的全部路程就是积分学的问题。,积分是高等数学中非常重要的一个分支。,7,2848,exp1,List1
20,272,蘑菇,动词。行动迟缓，拖延时间。,你再这么蘑菇下去，非误了火车不可！,7,2170,exp1,List2
20,271,蘑菇,动词。故意纠缠。,你别跟我蘑菇，我还有要紧事儿。,7,1629,exp1,List2
20,266,花红,名词。指有关结婚等喜庆事的礼物。,花红彩礼。,7,1749,exp1,List1
20,265,花红,名词。这种植物的果实。也叫林檎或沙果。,今天市场上的花红特别新鲜，颜色鲜红，看着就很有食欲。,7,2108,exp1,List1
21,271,蘑菇,动词。故意纠缠。,你别跟我蘑菇，我还有要紧事儿。,7,4814,exp1,List2
21,266,花红,名词。指有关结婚等喜庆事的礼物。,花红彩礼。,7,1278,exp1,List1
21,264,花红,名词。落叶小乔木，叶子卵形或椭圆形，花粉红色。果实球形，像苹果而小，黄绿色带微红，是常见的水果。,这种花红果实虽小，但口感独特，营养丰富。,7,3500,exp1,List1
21,244,粒子,名词。构成物体的比原子核更简单的物质，包括电子、质子、中子、光子、介子、超子和各种反粒子等。也叫基本粒子。,中子粒子在原子核中扮演着重要的角色，它们与质子共同决定了原子核的稳定性和性质。,7,1723,exp1,List2
21,265,花红,名词。这种植物的果实。也叫林檎或沙果。,今天市场上的花红特别新鲜，颜色鲜红，看着就很有食欲。,7,1548,exp1,List1
21,267,花红,名词。红利。,师爷分到花红，就寄给家里的老婆。,7,2325,exp1,List2
21,261,老公,名词。〈口语〉太监。,他就立刻进京，又走了老公的门路。,7,2705,exp1,List2
21,202,烟花,名词。旧时指妓女。,沦为烟花。,7,1655,exp1,List1
21,272,蘑菇,动词。行动迟缓，拖延时间。,你再这么蘑菇下去，非误了火车不可！,7,3680,exp1,List2
21,231,积分,名词。积分描述物体运动的整体性质，例如由运动物体在各点的瞬间运动速度求物体运动的全部路程就是积分学的问题。,积分是高等数学中非常重要的一个分支。,7,2485,exp1,List1
22,267,花红,名词。红利。,师爷分到花红，就寄给家里的老婆。,7,1735,exp1,List2
22,271,蘑菇,动词。故意纠缠。,你别跟我蘑菇，我还有要紧事儿。,7,1488,exp1,List2
22,272,蘑菇,动词。行动迟缓，拖延时间。,你再这么蘑菇下去，非误了火车不可！,7,2120,exp1,List2
22,266,花红,名词。指有关结婚等喜庆事的礼物。,花红彩礼。,7,2584,exp1,List1
22,244,粒子,名词。构成物体的比原子核更简单的物质，包括电子、质子、中子、光子、介子、超子和各种反粒子等。也叫基本粒子。,中子粒子在原子核中扮演着重要的角色，它们与质子共同决定了原子核的稳定性和性质。,7,1580,exp1,List2
22,264,花红,名词。落叶小乔木，叶子卵形或椭圆形，花粉红色。果实球形，像苹果而小，黄绿色带微红，是常见的水果。,这种花红果实虽小，但口感独特，营养丰富。,7,2272,exp1,List1
22,231,积分,名词。积分描述物体运动的整体性质，例如由运动物体在各点的瞬间运动速度求物体运动的全部路程就是积分学的问题。,积分是高等数学中非常重要的一个分支。,7,1476,exp1,List1
22,265,花红,名词。这种植物的果实。也叫林檎或沙果。,今天市场上的花红特别新鲜，颜色鲜红，看着就很有食欲。,7,1250,exp1,List1
22,261,老公,名词。〈口语〉太监。,他就立刻进京，又走了老公的门路。,7,4861,exp1,List2
22,202,烟花,名词。旧时指妓女。,沦为烟花。,7,1497,exp1,List1
23,271,蘑菇,动词。故意纠缠。,你别跟我蘑菇，我还有要紧事儿。,7,4654,exp1,List2
23,272,蘑菇,动词。行动迟缓，拖延时间。,你再这么蘑菇下去，非误了火车不可！,7,1525,exp1,List2
23,202,烟花,名词。旧时指妓女。,沦为烟花。,7,3502,exp1,List1
23,266,花红,名词。指有关结婚等喜庆事的礼物。,花红彩礼。,6,1313,exp1,List1
23,264,花红,名词。落叶小乔木，叶子卵形或椭圆形，花粉红色。果实球形，像苹果而小，黄绿色带微红，是常见的水果。,这种花红果实虽小，但口感独特，营养丰富。,7,2705,exp1,List1
23,265,花红,名词。这种植物的果实。也叫林檎或沙果。,今天市场上的花红特别新鲜，颜色鲜红，看着就很有食欲。,7,1678,exp1,List1
23,244,粒子,名词。构成物体的比原子核更简单的物质，包括电子、质子、中子、光子、介子、超子和各种反粒子等。也叫基本粒子。,中子粒子在原子核中扮演着重要的角色，它们与质子共同决定了原子核的稳定性和性质。,7,1704,exp1,List2
23,261,老公,名词。〈口语〉太监。,他就立刻进京，又走了老公的门路。,7,5608,exp1,List2
23,267,花红,名词。红利。,师爷分到花红，就寄给家里的老婆。,7,2877,exp1,List2
23,231,积分,名词。积分描述物体运动的整体性质，例如由运动物体在各点的瞬间运动速度求物体运动的全部路程就是积分学的问题。,积分是高等数学中非常重要的一个分支。,7,1837,exp1,List1
24,265,花红,名词。这种植物的果实。也叫林檎或沙果。,今天市场上的花红特别新鲜，颜色鲜红，看着就很有食欲。,7,2623,exp1,List1
24,264,花红,名词。落叶小乔木，叶子卵形或椭圆形，花粉红色。果实球形，像苹果而小，黄绿色带微红，是常见的水果。,这种花红果实虽小，但口感独特，营养丰富。,6,4586,exp1,List1
24,231,积分,名词。积分描述物体运动的整体性质，例如由运动物体在各点的瞬间运动速度求物体运动的全部路程就是积分学的问题。,积分是高等数学中非常重要的一个分支。,7,4378,exp1,List1
24,267,花红,名词。红利。,师爷分到花红，就寄给家里的老婆。,6,1685,exp1,List2
24,272,蘑菇,动词。行动迟缓，拖延时间。,你再这么蘑菇下去，非误了火车不可！,7,5397,exp1,List2
24,261,老公,名词。〈口语〉太监。,他就立刻进京，又走了老公的门路。,7,4272,exp1,List2
24,266,花红,名词。指有关结婚等喜庆事的礼物。,花红彩礼。,7,9941,exp1,List1
24,271,蘑菇,动词。故意纠缠。,你别跟我蘑菇，我还有要紧事儿。,7,2891,exp1,List2
24,244,粒子,名词。构成物体的比原子核更简单的物质，包括电子、质子、中子、光子、介子、超子和各种反粒子等。也叫基本粒子。,中子粒子在原子核中扮演着重要的角色，它们与质子共同决定了原子核的稳定性和性质。,4,2430,exp1,List2
24,202,烟花,名词。旧时指妓女。,沦为烟花。,7,2271,exp1,List1
25,244,粒子,名词。构成物体的比原子核更简单的物质，包括电子、质子、中子、光子、介子、超子和各种反粒子等。也叫基本粒子。,中子粒子在原子核中扮演着重要的角色，它们与质子共同决定了原子核的稳定性和性质。,5,2877,exp1,List2
25,231,积分,名词。积分描述物体运动的整体性质，例如由运动物体在各点的瞬间运动速度求物体运动的全部路程就是积分学的问题。,积分是高等数学中非常重要的一个分支。,3,2916,exp1,List1
25,272,蘑菇,动词。行动迟缓，拖延时间。,你再这么蘑菇下去，非误了火车不可！,7,6845,exp1,List2
25,271,蘑菇,动词。故意纠缠。,你别跟我蘑菇，我还有要紧事儿。,7,2438,exp1,List2
25,261,老公,名词。〈口语〉太监。,他就立刻进京，又走了老公的门路。,7,6848,exp1,List2
25,267,花红,名词。红利。,师爷分到花红，就寄给家里的老婆。,5,2051,exp1,List2
25,265,花红,名词。这种植物的果实。也叫林檎或沙果。,今天市场上的花红特别新鲜，颜色鲜红，看着就很有食欲。,7,5334,exp1,List1
25,202,烟花,名词。旧时指妓女。,沦为烟花。,7,2126,exp1,List1
25,264,花红,名词。落叶小乔木，叶子卵形或椭圆形，花粉红色。果实球形，像苹果而小，黄绿色带微红，是常见的水果。,这种花红果实虽小，但口感独特，营养丰富。,7,3511,exp1,List1
25,266,花红,名词。指有关结婚等喜庆事的礼物。,花红彩礼。,7,2267,exp1,List1
26,244,粒子,名词。构成物体的比原子核更简单的物质，包括电子、质子、中子、光子、介子、超子和各种反粒子等。也叫基本粒子。,中子粒子在原子核中扮演着重要的角色，它们与质子共同决定了原子核的稳定性和性质。,6,2175,exp1,List2
26,261,老公,名词。〈口语〉太监。,他就立刻进京，又走了老公的门路。,7,3264,exp1,List2
26,264,花红,名词。落叶小乔木，叶子卵形或椭圆形，花粉红色。果实球形，像苹果而小，黄绿色带微红，是常见的水果。,这种花红果实虽小，但口感独特，营养丰富。,7,1886,exp1,List1
26,267,花红,名词。红利。,师爷分到花红，就寄给家里的老婆。,7,1746,exp1,List2
26,231,积分,名词。积分描述物体运动的整体性质，例如由运动物体在各点的瞬间运动速度求物体运动的全部路程就是积分学的问题。,积分是高等数学中非常重要的一个分支。,7,2354,exp1,List1
26,266,花红,名词。指有关结婚等喜庆事的礼物。,花红彩礼。,7,1426,exp1,List1
26,271,蘑菇,动词。故意纠缠。,你别跟我蘑菇，我还有要紧事儿。,7,2009,exp1,List2
26,265,花红,名词。这种植物的果实。也叫林檎或沙果。,今天市场上的花红特别新鲜，颜色鲜红，看着就很有食欲。,7,1342,exp1,List1
26,272,蘑菇,动词。行动迟缓，拖延时间。,你再这么蘑菇下去，非误了火车不可！,7,1676,exp1,List2
26,202,烟花,名词。旧时指妓女。,沦为烟花。,7,1992,exp1,List1
27,231,积分,名词。积分描述物体运动的整体性质，例如由运动物体在各点的瞬间运动速度求物体运动的全部路程就是积分学的问题。,积分是高等数学中非常重要的一个分支。,7,2090,exp1,List1
27,272,蘑菇,动词。行动迟缓，拖延时间。,你再这么蘑菇下去，非误了火车不可！,7,2255,exp1,List2
27,267,花红,名词。红利。,师爷分到花红，就寄给家里的老婆。,7,3876,exp1,List2
27,261,老公,名词。〈口语〉太监。,他就立刻进京，又走了老公的门路。,7,2303,exp1,List2
27,265,花红,名词。这种植物的果实。也叫林檎或沙果。,今天市场上的花红特别新鲜，颜色鲜红，看着就很有食欲。,7,2607,exp1,List1
27,244,粒子,名词。构成物体的比原子核更简单的物质，包括电子、质子、中子、光子、介子、超子和各种反粒子等。也叫基本粒子。,中子粒子在原子核中扮演着重要的角色，它们与质子共同决定了原子核的稳定性和性质。,7,2347,exp1,List2
27,202,烟花,名词。旧时指妓女。,沦为烟花。,7,1577,exp1,List1
27,266,花红,名词。指有关结婚等喜庆事的礼物。,花红彩礼。,7,1761,exp1,List1
27,264,花红,名词。落叶小乔木，叶子卵形或椭圆形，花粉红色。果实球形，像苹果而小，黄绿色带微红，是常见的水果。,这种花红果实虽小，但口感独特，营养丰富。,7,1696,exp1,List1
27,271,蘑菇,动词。故意纠缠。,你别跟我蘑菇，我还有要紧事儿。,7,1431,exp1,List2
28,231,积分,名词。积分描述物体运动的整体性质，例如由运动物体在各点的瞬间运动速度求物体运动的全部路程就是积分学的问题。,积分是高等数学中非常重要的一个分支。,7,2374,exp1,List1
28,267,花红,名词。红利。,师爷分到花红，就寄给家里的老婆。,7,2422,exp1,List2
28,244,粒子,名词。构成物体的比原子核更简单的物质，包括电子、质子、中子、光子、介子、超子和各种反粒子等。也叫基本粒子。,中子粒子在原子核中扮演着重要的角色，它们与质子共同决定了原子核的稳定性和性质。,7,1886,exp1,List2
28,261,老公,名词。〈口语〉太监。,他就立刻进京，又走了老公的门路。,7,2662,exp1,List2
28,266,花红,名词。指有关结婚等喜庆事的礼物。,花红彩礼。,7,1668,exp1,List1
28,272,蘑菇,动词。行动迟缓，拖延时间。,你再这么蘑菇下去，非误了火车不可！,7,2107,exp1,List2
28,271,蘑菇,动词。故意纠缠。,你别跟我蘑菇，我还有要紧事儿。,7,1848,exp1,List2
28,202,烟花,名词。旧时指妓女。,沦为烟花。,7,1488,exp1,List1
28,265,花红,名词。这种植物的果实。也叫林檎或沙果。,今天市场上的花红特别新鲜，颜色鲜红，看着就很有食欲。,7,5879,exp1,List1
28,264,花红,名词。落叶小乔木，叶子卵形或椭圆形，花粉红色。果实球形，像苹果而小，黄绿色带微红，是常见的水果。,这种花红果实虽小，但口感独特，营养丰富。,7,4084,exp1,List1
29,267,花红,名词。红利。,师爷分到花红，就寄给家里的老婆。,7,3167,exp1,List2
29,266,花红,名词。指有关结婚等喜庆事的礼物。,花红彩礼。,7,1330,exp1,List1
29,265,花红,名词。这种植物的果实。也叫林檎或沙果。,今天市场上的花红特别新鲜，颜色鲜红，看着就很有食欲。,7,1533,exp1,List1
29,244,粒子,名词。构成物体的比原子核更简单的物质，包括电子、质子、中子、光子、介子、超子和各种反粒子等。也叫基本粒子。,中子粒子在原子核中扮演着重要的角色，它们与质子共同决定了原子核的稳定性和性质。,5,2010,exp1,List2
29,202,烟花,名词。旧时指妓女。,沦为烟花。,6,2366,exp1,List1
29,271,蘑菇,动词。故意纠缠。,你别跟我蘑菇，我还有要紧事儿。,7,1932,exp1,List2
29,272,蘑菇,动词。行动迟缓，拖延时间。,你再这么蘑菇下去，非误了火车不可！,7,1847,exp1,List2
29,264,花红,名词。落叶小乔木，叶子卵形或椭圆形，花粉红色。果实球形，像苹果而小，黄绿色带微红，是常见的水果。,这种花红果实虽小，但口感独特，营养丰富。,7,1572,exp1,List1
29,231,积分,名词。积分描述物体运动的整体性质，例如由运动物体在各点的瞬间运动速度求物体运动的全部路程就是积分学的问题。,积分是高等数学中非常重要的一个分支。,7,1933,exp1,List1
3,264,花红,名词。落叶小乔木，叶子卵形或椭圆形，花粉红色。果实球形，像苹果而小，黄绿色带微红，是常见的水果。,这种花红果实虽小，但口感独特，营养丰富。,7,6752,exp1,List1
3,261,老公,名词。〈口语〉太监。,他就立刻进京，又走了老公的门路。,7,6136,exp1,List2
3,202,烟花,名词。旧时指妓女。,沦为烟花。,7,4459,exp1,List1
3,267,花红,名词。红利。,师爷分到花红，就寄给家里的老婆。,7,5956,exp1,List2
3,272,蘑菇,动词。行动迟缓，拖延时间。,你再这么蘑菇下去，非误了火车不可！,7,6578,exp1,List2
3,271,蘑菇,动词。故意纠缠。,你别跟我蘑菇，我还有要紧事儿。,7,2814,exp1,List2
3,266,花红,名词。指有关结婚等喜庆事的礼物。,花红彩礼。,7,4393,exp1,List1
30,265,花红,名词。这种植物的果实。也叫林檎或沙果。,今天市场上的花红特别新鲜，颜色鲜红，看着就很有食欲。,7,2931,exp1,List1
30,231,积分,名词。积分描述物体运动的整体性质，例如由运动物体在各点的瞬间运动速度求物体运动的全部路程就是积分学的问题。,积分是高等数学中非常重要的一个分支。,7,3192,exp1,List1
30,267,花红,名词。红利。,师爷分到花红，就寄给家里的老婆。,7,3300,exp1,List2
30,266,花红,名词。指有关结婚等喜庆事的礼物。,花红彩礼。,7,2090,exp1,List1
30,271,蘑菇,动词。故意纠缠。,你别跟我蘑菇，我还有要紧事儿。,3,2018,exp1,List2
30,244,粒子,名词。构成物体的比原子核更简单的物质，包括电子、质子、中子、光子、介子、超子和各种反粒子等。也叫基本粒子。,中子粒子在原子核中扮演着重要的角色，它们与质子共同决定了原子核的稳定性和性质。,6,2419,exp1,List2
30,272,蘑菇,动词。行动迟缓，拖延时间。,你再这么蘑菇下去，非误了火车不可！,3,2051,exp1,List2
30,261,老公,名词。〈口语〉太监。,他就立刻进京，又走了老公的门路。,3,4374,exp1,List2
30,264,花红,名词。落叶小乔木，叶子卵形或椭圆形，花粉红色。果实球形，像苹果而小，黄绿色带微红，是常见的水果。,这种花红果实虽小，但口感独特，营养丰富。,7,2035,exp1,List1
30,202,烟花,名词。旧时指妓女。,沦为烟花。,7,4020,exp1,List1
31,265,花红,名词。这种植物的果实。也叫林檎或沙果。,今天市场上的花红特别新鲜，颜色鲜红，看着就很有食欲。,7,2759,exp1,List1
31,231,积分,名词。积分描述物体运动的整体性质，例如由运动物体在各点的瞬间运动速度求物体运动的全部路程就是积分学的问题。,积分是高等数学中非常重要的一个分支。,7,3063,exp1,List1
31,261,老公,名词。〈口语〉太监。,他就立刻进京，又走了老公的门路。,7,3211,exp1,List2
31,266,花红,名词。指有关结婚等喜庆事的礼物。,花红彩礼。,7,1721,exp1,List1
31,264,花红,名词。落叶小乔木，叶子卵形或椭圆形，花粉红色。果实球形，像苹果而小，黄绿色带微红，是常见的水果。,这种花红果实虽小，但口感独特，营养丰富。,7,2025,exp1,List1
31,272,蘑菇,动词。行动迟缓，拖延时间。,你再这么蘑菇下去，非误了火车不可！,7,2147,exp1,List2
31,267,花红,名词。红利。,师爷分到花红，就寄给家里的老婆。,7,2011,exp1,List2
31,271,蘑菇,动词。故意纠缠。,你别跟我蘑菇，我还有要紧事儿。,7,1849,exp1,List2
31,202,烟花,名词。旧时指妓女。,沦为烟花。,7,2199,exp1,List1
31,244,粒子,名词。构成物体的比原子核更简单的物质，包括电子、质子、中子、光子、介子、超子和各种反粒子等。也叫基本粒子。,中子粒子在原子核中扮演着重要的角色，它们与质子共同决定了原子核的稳定性和性质。,7,1813,exp1,List2
32,231,积分,名词。积分描述物体运动的整体性质，例如由运动物体在各点的瞬间运动速度求物体运动的全部路程就是积分学的问题。,积分是高等数学中非常重要的一个分支。,7,6188,exp1,List1
32,244,粒子,名词。构成物体的比原子核更简单的物质，包括电子、质子、中子、光子、介子、超子和各种反粒子等。也叫基本粒子。,中子粒子在原子核中扮演着重要的角色，它们与质子共同决定了原子核的稳定性和性质。,6,2664,exp1,List2
32,265,花红,名词。这种植物的果实。也叫林檎或沙果。,今天市场上的花红特别新鲜，颜色鲜红，看着就很有食欲。,7,6349,exp1,List1
32,271,蘑菇,动词。故意纠缠。,你别跟我蘑菇，我还有要紧事儿。,7,2883,exp1,List2
32,266,花红,名词。指有关结婚等喜庆事的礼物。,花红彩礼。,6,1767,exp1,List1
32,272,蘑菇,动词。行动迟缓，拖延时间。,你再这么蘑菇下去，非误了火车不可！,7,3623,exp1,List2
32,202,烟花,名词。旧时指妓女。,沦为烟花。,7,3168,exp1,List1
32,261,老公,名词。〈口语〉太监。,他就立刻进京，又走了老公的门路。,7,3520,exp1,List2
32,264,花红,名词。落叶小乔木，叶子卵形或椭圆形，花粉红色。果实球形，像苹果而小，黄绿色带微红，是常见的水果。,这种花红果实虽小，但口感独特，营养丰富。,6,1592,exp1,List1
32,267,花红,名词。红利。,师爷分到花红，就寄给家里的老婆。,6,3337,exp1,List2
33,244,粒子,名词。构成物体的比原子核更简单的物质，包括电子、质子、中子、光子、介子、超子和各种反粒子等。也叫基本粒子。,中子粒子在原子核中扮演着重要的角色，它们与质子共同决定了原子核的稳定性和性质。,7,2966,exp1,List2
33,231,积分,名词。积分描述物体运动的整体性质，例如由运动物体在各点的瞬间运动速度求物体运动的全部路程就是积分学的问题。,积分是高等数学中非常重要的一个分支。,7,4064,exp1,List1
33,272,蘑菇,动词。行动迟缓，拖延时间。,你再这么蘑菇下去，非误了火车不可！,4,2464,exp1,List2
33,261,老公,名词。〈口语〉太监。,他就立刻进京，又走了老公的门路。,3,2913,exp1,List2
33,271,蘑菇,动词。故意纠缠。,你别跟我蘑菇，我还有要紧事儿。,3,3241,exp1,List2
33,267,花红,名词。红利。,师爷分到花红，就寄给家里的老婆。,7,2746,exp1,List2
33,266,花红,名词。指有关结婚等喜庆事的礼物。,花红彩礼。,7,3487,exp1,List1
33,202,烟花,名词。旧时指妓女。,沦为烟花。,7,3366,exp1,List1
33,264,花红,名词。落叶小乔木，叶子卵形或椭圆形，花粉红色。果实球形，像苹果而小，黄绿色带微红，是常见的水果。,这种花红果实虽小，但口感独特，营养丰富。,7,5087,exp1,List1
33,265,花红,名词。这种植物的果实。也叫林檎或沙果。,今天市场上的花红特别新鲜，颜色鲜红，看着就很有食欲。,7,3034,exp1,List1
34,265,花红,名词。这种植物的果实。也叫林檎或沙果。,今天市场上的花红特别新鲜，颜色鲜红，看着就很有食欲。,7,2760,exp1,List1
34,261,老公,名词。〈口语〉太监。,他就立刻进京，又走了老公的门路。,7,4937,exp1,List2
34,231,积分,名词。积分描述物体运动的整体性质，例如由运动物体在各点的瞬间运动速度求物体运动的全部路程就是积分学的问题。,积分是高等数学中非常重要的一个分支。,7,1899,exp1,List1
34,244,粒子,名词。构成物体的比原子核更简单的物质，包括电子、质子、中子、光子、介子、超子和各种反粒子等。也叫基本粒子。,中子粒子在原子核中扮演着重要的角色，它们与质子共同决定了原子核的稳定性和性质。,7,1613,exp1,List2
34,202,烟花,名词。旧时指妓女。,沦为烟花。,7,2692,exp1,List1
34,266,花红,名词。指有关结婚等喜庆事的礼物。,花红彩礼。,7,2840,exp1,List1
34,264,花红,名词。落叶小乔木，叶子卵形或椭圆形，花粉红色。果实球形，像苹果而小，黄绿色带微红，是常见的水果。,这种花红果实虽小，但口感独特，营养丰富。,7,2684,exp1,List1
34,267,花红,名词。红利。,师爷分到花红，就寄给家里的老婆。,7,2216,exp1,List2
34,271,蘑菇,动词。故意纠缠。,你别跟我蘑菇，我还有要紧事儿。,7,2646,exp1,List2
34,272,蘑菇,动词。行动迟缓，拖延时间。,你再这么蘑菇下去，非误了火车不可！,7,1848,exp1,List2
36,272,蘑菇,动词。行动迟缓，拖延时间。,你再这么蘑菇下去，非误了火车不可！,7,3072,exp1,List2
36,261,老公,名词。〈口语〉太监。,他就立刻进京，又走了老公的门路。,7,2867,exp1,List2
36,264,花红,名词。落叶小乔木，叶子卵形或椭圆形，花粉红色。果实球形，像苹果而小，黄绿色带微红，是常见的水果。,这种花红果实虽小，但口感独特，营养丰富。,7,1719,exp1,List1
36,244,粒子,名词。构成物体的比原子核更简单的物质，包括电子、质子、中子、光子、介子、超子和各种反粒子等。也叫基本粒子。,中子粒子在原子核中扮演着重要的角色，它们与质子共同决定了原子核的稳定性和性质。,7,1363,exp1,List2
36,265,花红,名词。这种植物的果实。也叫林檎或沙果。,今天市场上的花红特别新鲜，颜色鲜红，看着就很有食欲。,7,1417,exp1,List1
36,231,积分,名词。积分描述物体运动的整体性质，例如由运动物体在各点的瞬间运动速度求物体运动的全部路程就是积分学的问题。,积分是高等数学中非常重要的一个分支。,6,1791,exp1,List1
36,267,花红,名词。红利。,师爷分到花红，就寄给家里的老婆。,7,1530,exp1,List2
36,202,烟花,名词。旧时指妓女。,沦为烟花。,7,1433,exp1,List1
36,271,蘑菇,动词。故意纠缠。,你别跟我蘑菇，我还有要紧事儿。,7,1247,exp1,List2
36,266,花红,名词。指有关结婚等喜庆事的礼物。,花红彩礼。,7,1399,exp1,List1
37,271,蘑菇,动词。故意纠缠。,你别跟我蘑菇，我还有要紧事儿。,4,2270,exp1,List2
37,264,花红,名词。落叶小乔木，叶子卵形或椭圆形，花粉红色。果实球形，像苹果而小，黄绿色带微红，是常见的水果。,这种花红果实虽小，但口感独特，营养丰富。,7,2777,exp1,List1
37,267,花红,名词。红利。,师爷分到花红，就寄给家里的老婆。,7,2218,exp1,List2
37,244,粒子,名词。构成物体的比原子核更简单的物质，包括电子、质子、中子、光子、介子、超子和各种反粒子等。也叫基本粒子。,中子粒子在原子核中扮演着重要的角色，它们与质子共同决定了原子核的稳定性和性质。,6,1580,exp1,List2
37,266,花红,名词。指有关结婚等喜庆事的礼物。,花红彩礼。,7,1496,exp1,List1
37,231,积分,名词。积分描述物体运动的整体性质，例如由运动物体在各点的瞬间运动速度求物体运动的全部路程就是积分学的问题。,积分是高等数学中非常重要的一个分支。,7,1695,exp1,List1
37,202,烟花,名词。旧时指妓女。,沦为烟花。,4,1161,exp1,List1
37,265,花红,名词。这种植物的果实。也叫林檎或沙果。,今天市场上的花红特别新鲜，颜色鲜红，看着就很有食欲。,7,1362,exp1,List1
37,261,老公,名词。〈口语〉太监。,他就立刻进京，又走了老公的门路。,3,1191,exp1,List2
38,231,积分,名词。积分描述物体运动的整体性质，例如由运动物体在各点的瞬间运动速度求物体运动的全部路程就是积分学的问题。,积分是高等数学中非常重要的一个分支。,6,2902,exp1,List1
38,202,烟花,名词。旧时指妓女。,沦为烟花。,7,3605,exp1,List1
38,271,蘑菇,动词。故意纠缠。,你别跟我蘑菇，我还有要紧事儿。,7,3050,exp1,List2
38,264,花红,名词。落叶小乔木，叶子卵形或椭圆形，花粉红色。果实球形，像苹果而小，黄绿色带微红，是常见的水果。,这种花红果实虽小，但口感独特，营养丰富。,7,2212,exp1,List1
38,244,粒子,名词。构成物体的比原子核更简单的物质，包括电子、质子、中子、光子、介子、超子和各种反粒子等。也叫基本粒子。,中子粒子在原子核中扮演着重要的角色，它们与质子共同决定了原子核的稳定性和性质。,7,2861,exp1,List2
38,267,花红,名词。红利。,师爷分到花红，就寄给家里的老婆。,7,2734,exp1,List2
38,265,花红,名词。这种植物的果实。也叫林檎或沙果。,今天市场上的花红特别新鲜，颜色鲜红，看着就很有食欲。,7,1277,exp1,List1
38,272,蘑菇,动词。行动迟缓，拖延时间。,你再这么蘑菇下去，非误了火车不可！,7,1793,exp1,List2
38,261,老公,名词。〈口语〉太监。,他就立刻进京，又走了老公的门路。,4,1147,exp1,List2
38,266,花红,名词。指有关结婚等喜庆事的礼物。,花红彩礼。,7,1549,exp1,List1
39,272,蘑菇,动词。行动迟缓，拖延时间。,你再这么蘑菇下去，非误了火车不可！,7,4373,exp1,List2
39,265,花红,名词。这种植物的果实。也叫林檎或沙果。,今天市场上的花红特别新鲜，颜色鲜红，看着就很有食欲。,7,2284,exp1,List1
39,266,花红,名词。指有关结婚等喜庆事的礼物。,花红彩礼。,7,1914,exp1,List1
39,244,粒子,名词。构成物体的比原子核更简单的物质，包括电子、质子、中子、光子、介子、超子和各种反粒子等。也叫基本粒子。,中子粒子在原子核中扮演着重要的角色，它们与质子共同决定了原子核的稳定性和性质。,7,1656,exp1,List2
39,267,花红,名词。红利。,师爷分到花红，就寄给家里的老婆。,7,1458,exp1,List2
39,271,蘑菇,动词。故意纠缠。,你别跟我蘑菇，我还有要紧事儿。,7,1936,exp1,List2
39,231,积分,名词。积分描述物体运动的整体性质，例如由运动物体在各点的瞬间运动速度求物体运动的全部路程就是积分学的问题。,积分是高等数学中非常重要的一个分支。,7,4740,exp1,List1
39,261,老公,名词。〈口语〉太监。,他就立刻进京，又走了老公的门路。,7,1936,exp1,List2
39,264,花红,名词。落叶小乔木，叶子卵形或椭圆形，花粉红色。果实球形，像苹果而小，黄绿色带微红，是常见的水果。,这种花红果实虽小，但口感独特，营养丰富。,7,3094,exp1,List1
39,202,烟花,名词。旧时指妓女。,沦为烟花。,7,1642,exp1,List1
4,267,花红,名词。红利。,师爷分到花红，就寄给家里的老婆。,5,5247,exp1,List2
4,265,花红,名词。这种植物的果实。也叫林檎或沙果。,今天市场上的花红特别新鲜，颜色鲜红，看着就很有食欲。,7,3722,exp1,List1
4,202,烟花,名词。旧时指妓女。,沦为烟花。,7,4635,exp1,List1
4,264,花红,名词。落叶小乔木，叶子卵形或椭圆形，花粉红色。果实球形，像苹果而小，黄绿色带微红，是常见的水果。,这种花红果实虽小，但口感独特，营养丰富。,7,5212,exp1,List1
4,266,花红,名词。指有关结婚等喜庆事的礼物。,花红彩礼。,7,6370,exp1,List1
40,266,花红,名词。指有关结婚等喜庆事的礼物。,花红彩礼。,7,2326,exp1,List1
40,202,烟花,名词。旧时指妓女。,沦为烟花。,7,2018,exp1,List1
40,244,粒子,名词。构成物体的比原子核更简单的物质，包括电子、质子、中子、光子、介子、超子和各种反粒子等。也叫基本粒子。,中子粒子在原子核中扮演着重要的角色，它们与质子共同决定了原子核的稳定性和性质。,7,3873,exp1,List2
40,265,花红,名词。这种植物的果实。也叫林檎或沙果。,今天市场上的花红特别新鲜，颜色鲜红，看着就很有食欲。,7,2737,exp1,List1
40,264,花红,名词。落叶小乔木，叶子卵形或椭圆形，花粉红色。果实球形，像苹果而小，黄绿色带微红，是常见的水果。,这种花红果实虽小，但口感独特，营养丰富。,7,2920,exp1,List1
40,261,老公,名词。〈口语〉太监。,他就立刻进京，又走了老公的门路。,7,3219,exp1,List2
40,271,蘑菇,动词。故意纠缠。,你别跟我蘑菇，我还有要紧事儿。,7,2761,exp1,List2
40,272,蘑菇,动词。行动迟缓，拖延时间。,你再这么蘑菇下去，非误了火车不可！,7,2216,exp1,List2
40,267,花红,名词。红利。,师爷分到花红，就寄给家里的老婆。,7,2188,exp1,List2
40,231,积分,名词。积分描述物体运动的整体性质，例如由运动物体在各点的瞬间运动速度求物体运动的全部路程就是积分学的问题。,积分是高等数学中非常重要的一个分支。,7,3283,exp1,List1
41,272,蘑菇,动词。行动迟缓，拖延时间。,你再这么蘑菇下去，非误了火车不可！,7,6409,exp1,List2
41,244,粒子,名词。构成物体的比原子核更简单的物质，包括电子、质子、中子、光子、介子、超子和各种反粒子等。也叫基本粒子。,中子粒子在原子核中扮演着重要的角色，它们与质子共同决定了原子核的稳定性和性质。,7,3494,exp1,List2
41,267,花红,名词。红利。,师爷分到花红，就寄给家里的老婆。,7,5409,exp1,List2
41,266,花红,名词。指有关结婚等喜庆事的礼物。,花红彩礼。,6,2144,exp1,List1
41,264,花红,名词。落叶小乔木，叶子卵形或椭圆形，花粉红色。果实球形，像苹果而小，黄绿色带微红，是常见的水果。,这种花红果实虽小，但口感独特，营养丰富。,6,6573,exp1,List1
41,265,花红,名词。这种植物的果实。也叫林檎或沙果。,今天市场上的花红特别新鲜，颜色鲜红，看着就很有食欲。,6,4921,exp1,List1
41,271,蘑菇,动词。故意纠缠。,你别跟我蘑菇，我还有要紧事儿。,7,2816,exp1,List2
41,261,老公,名词。〈口语〉太监。,他就立刻进京，又走了老公的门路。,7,4386,exp1,List2
41,231,积分,名词。积分描述物体运动的整体性质，例如由运动物体在各点的瞬间运动速度求物体运动的全部路程就是积分学的问题。,积分是高等数学中非常重要的一个分支。,7,3269,exp1,List1
41,202,烟花,名词。旧时指妓女。,沦为烟花。,7,3866,exp1,List1
42,271,蘑菇,动词。故意纠缠。,你别跟我蘑菇，我还有要紧事儿。,3,2152,exp1,List2
42,266,花红,名词。指有关结婚等喜庆事的礼物。,花红彩礼。,4,4712,exp1,List1
42,272,蘑菇,动词。行动迟缓，拖延时间。,你再这么蘑菇下去，非误了火车不可！,3,1631,exp1,List2
42,231,积分,名词。积分描述物体运动的整体性质，例如由运动物体在各点的瞬间运动速度求物体运动的全部路程就是积分学的问题。,积分是高等数学中非常重要的一个分支。,7,2702,exp1,List1
42,202,烟花,名词。旧时指妓女。,沦为烟花。,7,2377,exp1,List1
42,264,花红,名词。落叶小乔木，叶子卵形或椭圆形，花粉红色。果实球形，像苹果而小，黄绿色带微红，是常见的水果。,这种花红果实虽小，但口感独特，营养丰富。,6,3166,exp1,List1
42,244,粒子,名词。构成物体的比原子核更简单的物质，包括电子、质子、中子、光子、介子、超子和各种反粒子等。也叫基本粒子。,中子粒子在原子核中扮演着重要的角色，它们与质子共同决定了原子核的稳定性和性质。,7,2239,exp1,List2
42,265,花红,名词。这种植物的果实。也叫林檎或沙果。,今天市场上的花红特别新鲜，颜色鲜红，看着就很有食欲。,7,3462,exp1,List1
42,267,花红,名词。红利。,师爷分到花红，就寄给家里的老婆。,7,2019,exp1,List2
43,266,花红,名词。指有关结婚等喜庆事的礼物。,花红彩礼。,6,5498,exp1,List1
43,271,蘑菇,动词。故意纠缠。,你别跟我蘑菇，我还有要紧事儿。,7,1981,exp1,List2
43,267,花红,名词。红利。,师爷分到花红，就寄给家里的老婆。,6,2779,exp1,List2
43,231,积分,名词。积分描述物体运动的整体性质，例如由运动物体在各点的瞬间运动速度求物体运动的全部路程就是积分学的问题。,积分是高等数学中非常重要的一个分支。,7,3299,exp1,List1
43,244,粒子,名词。构成物体的比原子核更简单的物质，包括电子、质子、中子、光子、介子、超子和各种反粒子等。也叫基本粒子。,中子粒子在原子核中扮演着重要的角色，它们与质子共同决定了原子核的稳定性和性质。,7,1874,exp1,List2
43,264,花红,名词。落叶小乔木，叶子卵形或椭圆形，花粉红色。果实球形，像苹果而小，黄绿色带微红，是常见的水果。,这种花红果实虽小，但口感独特，营养丰富。,7,2398,exp1,List1
43,272,蘑菇,动词。行动迟缓，拖延时间。,你再这么蘑菇下去，非误了火车不可！,7,1720,exp1,List2
43,202,烟花,名词。旧时指妓女。,沦为烟花。,7,1305,exp1,List1
43,265,花红,名词。这种植物的果实。也叫林檎或沙果。,今天市场上的花红特别新鲜，颜色鲜红，看着就很有食欲。,7,1780,exp1,List1
43,261,老公,名词。〈口语〉太监。,他就立刻进京，又走了老公的门路。,7,2871,exp1,List2
44,272,蘑菇,动词。行动迟缓，拖延时间。,你再这么蘑菇下去，非误了火车不可！,4,1290,exp1,List2
44,267,花红,名词。红利。,师爷分到花红，就寄给家里的老婆。,7,2172,exp1,List2
44,244,粒子,名词。构成物体的比原子核更简单的物质，包括电子、质子、中子、光子、介子、超子和各种反粒子等。也叫基本粒子。,中子粒子在原子核中扮演着重要的角色，它们与质子共同决定了原子核的稳定性和性质。,7,2346,exp1,List2
44,202,烟花,名词。旧时指妓女。,沦为烟花。,7,3087,exp1,List1
44,261,老公,名词。〈口语〉太监。,他就立刻进京，又走了老公的门路。,4,1779,exp1,List2
44,265,花红,名词。这种植物的果实。也叫林檎或沙果。,今天市场上的花红特别新鲜，颜色鲜红，看着就很有食欲。,7,1233,exp1,List1
44,264,花红,名词。落叶小乔木，叶子卵形或椭圆形，花粉红色。果实球形，像苹果而小，黄绿色带微红，是常见的水果。,这种花红果实虽小，但口感独特，营养丰富。,7,626,exp1,List1
44,231,积分,名词。积分描述物体运动的整体性质，例如由运动物体在各点的瞬间运动速度求物体运动的全部路程就是积分学的问题。,积分是高等数学中非常重要的一个分支。,7,2800,exp1,List1
44,271,蘑菇,动词。故意纠缠。,你别跟我蘑菇，我还有要紧事儿。,3,1610,exp1,List2
44,266,花红,名词。指有关结婚等喜庆事的礼物。,花红彩礼。,7,964,exp1,List1
45,272,蘑菇,动词。行动迟缓，拖延时间。,你再这么蘑菇下去，非误了火车不可！,7,2980,exp1,List2
45,261,老公,名词。〈口语〉太监。,他就立刻进京，又走了老公的门路。,6,3665,exp1,List2
45,202,烟花,名词。旧时指妓女。,沦为烟花。,6,2550,exp1,List1
45,265,花红,名词。这种植物的果实。也叫林檎或沙果。,今天市场上的花红特别新鲜，颜色鲜红，看着就很有食欲。,7,3840,exp1,List1
45,267,花红,名词。红利。,师爷分到花红，就寄给家里的老婆。,5,5509,exp1,List2
45,266,花红,名词。指有关结婚等喜庆事的礼物。,花红彩礼。,7,2481,exp1,List1
45,271,蘑菇,动词。故意纠缠。,你别跟我蘑菇，我还有要紧事儿。,7,4239,exp1,List2
45,231,积分,名词。积分描述物体运动的整体性质，例如由运动物体在各点的瞬间运动速度求物体运动的全部路程就是积分学的问题。,积分是高等数学中非常重要的一个分支。,7,2223,exp1,List1
45,244,粒子,名词。构成物体的比原子核更简单的物质，包括电子、质子、中子、光子、介子、超子和各种反粒子等。也叫基本粒子。,中子粒子在原子核中扮演着重要的角色，它们与质子共同决定了原子核的稳定性和性质。,6,1951,exp1,List2
46,265,花红,名词。这种植物的果实。也叫林檎或沙果。,今天市场上的花红特别新鲜，颜色鲜红，看着就很有食欲。,7,4600,exp1,List1
46,264,花红,名词。落叶小乔木，叶子卵形或椭圆形，花粉红色。果实球形，像苹果而小，黄绿色带微红，是常见的水果。,这种花红果实虽小，但口感独特，营养丰富。,7,4227,exp1,List1
46,266,花红,名词。指有关结婚等喜庆事的礼物。,花红彩礼。,7,1463,exp1,List1
46,244,粒子,名词。构成物体的比原子核更简单的物质，包括电子、质子、中子、光子、介子、超子和各种反粒子等。也叫基本粒子。,中子粒子在原子核中扮演着重要的角色，它们与质子共同决定了原子核的稳定性和性质。,4,1535,exp1,List2
46,267,花红,名词。红利。,师爷分到花红，就寄给家里的老婆。,7,1494,exp1,List2
46,271,蘑菇,动词。故意纠缠。,你别跟我蘑菇，我还有要紧事儿。,4,1425,exp1,List2
46,272,蘑菇,动词。行动迟缓，拖延时间。,你再这么蘑菇下去，非误了火车不可！,7,1915,exp1,List2
46,202,烟花,名词。旧时指妓女。,沦为烟花。,7,1368,exp1,List1
46,261,老公,名词。〈口语〉太监。,他就立刻进京，又走了老公的门路。,7,2162,exp1,List2
46,231,积分,名词。积分描述物体运动的整体性质，例如由运动物体在各点的瞬间运动速度求物体运动的全部路程就是积分学的问题。,积分是高等数学中非常重要的一个分支。,7,2407,exp1,List1
47,231,积分,名词。积分描述物体运动的整体性质，例如由运动物体在各点的瞬间运动速度求物体运动的全部路程就是积分学的问题。,积分是高等数学中非常重要的一个分支。,7,4700,exp1,List1
47,265,花红,名词。这种植物的果实。也叫林檎或沙果。,今天市场上的花红特别新鲜，颜色鲜红，看着就很有食欲。,7,2247,exp1,List1
47,244,粒子,名词。构成物体的比原子核更简单的物质，包括电子、质子、中子、光子、介子、超子和各种反粒子等。也叫基本粒子。,中子粒子在原子核中扮演着重要的角色，它们与质子共同决定了原子核的稳定性和性质。,7,2226,exp1,List2
47,202,烟花,名词。旧时指妓女。,沦为烟花。,6,3412,exp1,List1
47,264,花红,名词。落叶小乔木，叶子卵形或椭圆形，花粉红色。果实球形，像苹果而小，黄绿色带微红，是常见的水果。,这种花红果实虽小，但口感独特，营养丰富。,7,3689,exp1,List1
47,272,蘑菇,动词。行动迟缓，拖延时间。,你再这么蘑菇下去，非误了火车不可！,7,2279,exp1,List2
47,261,老公,名词。〈口语〉太监。,他就立刻进京，又走了老公的门路。,7,3721,exp1,List2
47,266,花红,名词。指有关结婚等喜庆事的礼物。,花红彩礼。,7,1860,exp1,List1
47,267,花红,名词。红利。,师爷分到花红，就寄给家里的老婆。,6,2569,exp1,List2
47,271,蘑菇,动词。故意纠缠。,你别跟我蘑菇，我还有要紧事儿。,7,1793,exp1,List2
48,261,老公,名词。〈口语〉太监。,他就立刻进京，又走了老公的门路。,5,1976,exp1,List2
48,265,花红,名词。这种植物的果实。也叫林檎或沙果。,今天市场上的花红特别新鲜，颜色鲜红，看着就很有食欲。,7,4219,exp1,List1
48,202,烟花,名词。旧时指妓女。,沦为烟花。,6,5505,exp1,List1
48,264,花红,名词。落叶小乔木，叶子卵形或椭圆形，花粉红色。果实球形，像苹果而小，黄绿色带微红，是常见的水果。,这种花红果实虽小，但口感独特，营养丰富。,5,1809,exp1,List1
48,267,花红,名词。红利。,师爷分到花红，就寄给家里的老婆。,5,779,exp1,List2
48,244,粒子,名词。构成物体的比原子核更简单的物质，包括电子、质子、中子、光子、介子、超子和各种反粒子等。也叫基本粒子。,中子粒子在原子核中扮演着重要的角色，它们与质子共同决定了原子核的稳定性和性质。,6,1833,exp1,List2
48,231,积分,名词。积分描述物体运动的整体性质，例如由运动物体在各点的瞬间运动速度求物体运动的全部路程就是积分学的问题。,积分是高等数学中非常重要的一个分支。,7,1630,exp1,List1
48,266,花红,名词。指有关结婚等喜庆事的礼物。,花红彩礼。,5,1675,exp1,List1
49,266,花红,名词。指有关结婚等喜庆事的礼物。,花红彩礼。,7,2234,exp1,List1
49,264,花红,名词。落叶小乔木，叶子卵形或椭圆形，花粉红色。果实球形，像苹果而小，黄绿色带微红，是常见的水果。,这种花红果实虽小，但口感独特，营养丰富。,7,3177,exp1,List1
49,265,花红,名词。这种植物的果实。也叫林檎或沙果。,今天市场上的花红特别新鲜，颜色鲜红，看着就很有食欲。,7,3405,exp1,List1
49,231,积分,名词。积分描述物体运动的整体性质，例如由运动物体在各点的瞬间运动速度求物体运动的全部路程就是积分学的问题。,积分是高等数学中非常重要的一个分支。,7,2601,exp1,List1
49,271,蘑菇,动词。故意纠缠。,你别跟我蘑菇，我还有要紧事儿。,7,1854,exp1,List2
49,272,蘑菇,动词。行动迟缓，拖延时间。,你再这么蘑菇下去，非误了火车不可！,7,2249,exp1,List2
49,267,花红,名词。红利。,师爷分到花红，就寄给家里的老婆。,7,1496,exp1,List2
49,244,粒子,名词。构成物体的比原子核更简单的物质，包括电子、质子、中子、光子、介子、超子和各种反粒子等。也叫基本粒子。,中子粒子在原子核中扮演着重要的角色，它们与质子共同决定了原子核的稳定性和性质。,7,3065,exp1,List2
49,202,烟花,名词。旧时指妓女。,沦为烟花。,7,1608,exp1,List1
49,261,老公,名词。〈口语〉太监。,他就立刻进京，又走了老公的门路。,7,1831,exp1,List2
5,265,花红,名词。这种植物的果实。也叫林檎或沙果。,今天市场上的花红特别新鲜，颜色鲜红，看着就很有食欲。,7,8364,exp1,List1
5,267,花红,名词。红利。,师爷分到花红，就寄给家里的老婆。,7,2287,exp1,List2
5,264,花红,名词。落叶小乔木，叶子卵形或椭圆形，花粉红色。果实球形，像苹果而小，黄绿色带微红，是常见的水果。,这种花红果实虽小，但口感独特，营养丰富。,7,5354,exp1,List1
5,231,积分,名词。积分描述物体运动的整体性质，例如由运动物体在各点的瞬间运动速度求物体运动的全部路程就是积分学的问题。,积分是高等数学中非常重要的一个分支。,7,4475,exp1,List1
5,266,花红,名词。指有关结婚等喜庆事的礼物。,花红彩礼。,7,4864,exp1,List1
5,261,老公,名词。〈口语〉太监。,他就立刻进京，又走了老公的门路。,7,2430,exp1,List2
5,272,蘑菇,动词。行动迟缓，拖延时间。,你再这么蘑菇下去，非误了火车不可！,7,3651,exp1,List2
50,261,老公,名词。〈口语〉太监。,他就立刻进京，又走了老公的门路。,7,3645,exp1,List2
50,267,花红,名词。红利。,师爷分到花红，就寄给家里的老婆。,7,2533,exp1,List2
50,266,花红,名词。指有关结婚等喜庆事的礼物。,花红彩礼。,7,2087,exp1,List1
50,264,花红,名词。落叶小乔木，叶子卵形或椭圆形，花粉红色。果实球形，像苹果而小，黄绿色带微红，是常见的水果。,这种花红果实虽小，但口感独特，营养丰富。,7,5906,exp1,List1
50,231,积分,名词。积分描述物体运动的整体性质，例如由运动物体在各点的瞬间运动速度求物体运动的全部路程就是积分学的问题。,积分是高等数学中非常重要的一个分支。,7,2741,exp1,List1
50,265,花红,名词。这种植物的果实。也叫林檎或沙果。,今天市场上的花红特别新鲜，颜色鲜红，看着就很有食欲。,7,4154,exp1,List1
50,244,粒子,名词。构成物体的比原子核更简单的物质，包括电子、质子、中子、光子、介子、超子和各种反粒子等。也叫基本粒子。,中子粒子在原子核中扮演着重要的角色，它们与质子共同决定了原子核的稳定性和性质。,5,2798,exp1,List2
50,202,烟花,名词。旧时指妓女。,沦为烟花。,7,2265,exp1,List1
50,272,蘑菇,动词。行动迟缓，拖延时间。,你再这么蘑菇下去，非误了火车不可！,7,3165,exp1,List2
50,271,蘑菇,动词。故意纠缠。,你别跟我蘑菇，我还有要紧事儿。,7,2030,exp1,List2
51,231,积分,名词。积分描述物体运动的整体性质，例如由运动物体在各点的瞬间运动速度求物体运动的全部路程就是积分学的问题。,积分是高等数学中非常重要的一个分支。,7,5175,exp1,List1
51,271,蘑菇,动词。故意纠缠。,你别跟我蘑菇，我还有要紧事儿。,7,2747,exp1,List2
51,272,蘑菇,动词。行动迟缓，拖延时间。,你再这么蘑菇下去，非误了火车不可！,7,2151,exp1,List2
51,265,花红,名词。这种植物的果实。也叫林檎或沙果。,今天市场上的花红特别新鲜，颜色鲜红，看着就很有食欲。,7,2720,exp1,List1
51,266,花红,名词。指有关结婚等喜庆事的礼物。,花红彩礼。,7,2365,exp1,List1
51,267,花红,名词。红利。,师爷分到花红，就寄给家里的老婆。,7,2098,exp1,List2
51,264,花红,名词。落叶小乔木，叶子卵形或椭圆形，花粉红色。果实球形，像苹果而小，黄绿色带微红，是常见的水果。,这种花红果实虽小，但口感独特，营养丰富。,7,1590,exp1,List1
51,244,粒子,名词。构成物体的比原子核更简单的物质，包括电子、质子、中子、光子、介子、超子和各种反粒子等。也叫基本粒子。,中子粒子在原子核中扮演着重要的角色，它们与质子共同决定了原子核的稳定性和性质。,7,1424,exp1,List2
51,261,老公,名词。〈口语〉太监。,他就立刻进京，又走了老公的门路。,7,2407,exp1,List2
52,231,积分,名词。积分描述物体运动的整体性质，例如由运动物体在各点的瞬间运动速度求物体运动的全部路程就是积分学的问题。,积分是高等数学中非常重要的一个分支。,7,4404,exp1,List1
52,264,花红,名词。落叶小乔木，叶子卵形或椭圆形，花粉红色。果实球形，像苹果而小，黄绿色带微红，是常见的水果。,这种花红果实虽小，但口感独特，营养丰富。,7,3415,exp1,List1
52,267,花红,名词。红利。,师爷分到花红，就寄给家里的老婆。,7,2556,exp1,List2
52,265,花红,名词。这种植物的果实。也叫林檎或沙果。,今天市场上的花红特别新鲜，颜色鲜红，看着就很有食欲。,7,2564,exp1,List1
52,202,烟花,名词。旧时指妓女。,沦为烟花。,7,2153,exp1,List1
52,272,蘑菇,动词。行动迟缓，拖延时间。,你再这么蘑菇下去，非误了火车不可！,7,2499,exp1,List2
52,244,粒子,名词。构成物体的比原子核更简单的物质，包括电子、质子、中子、光子、介子、超子和各种反粒子等。也叫基本粒子。,中子粒子在原子核中扮演着重要的角色，它们与质子共同决定了原子核的稳定性和性质。,7,1532,exp1,List2
52,266,花红,名词。指有关结婚等喜庆事的礼物。,花红彩礼。,7,2151,exp1,List1
52,261,老公,名词。〈口语〉太监。,他就立刻进京，又走了老公的门路。,7,2244,exp1,List2
52,271,蘑菇,动词。故意纠缠。,你别跟我蘑菇，我还有要紧事儿。,7,1770,exp1,List2
53,202,烟花,名词。旧时指妓女。,沦为烟花。,7,1663,exp1,List1
53,271,蘑菇,动词。故意纠缠。,你别跟我蘑菇，我还有要紧事儿。,7,2111,exp1,List2
53,267,花红,名词。红利。,师爷分到花红，就寄给家里的老婆。,7,2111,exp1,List2
53,264,花红,名词。落叶小乔木，叶子卵形或椭圆形，花粉红色。果实球形，像苹果而小，黄绿色带微红，是常见的水果。,这种花红果实虽小，但口感独特，营养丰富。,7,2039,exp1,List1
53,266,花红,名词。指有关结婚等喜庆事的礼物。,花红彩礼。,7,1412,exp1,List1
53,272,蘑菇,动词。行动迟缓，拖延时间。,你再这么蘑菇下去，非误了火车不可！,7,1838,exp1,List2
53,261,老公,名词。〈口语〉太监。,他就立刻进京，又走了老公的门路。,7,2261,exp1,List2
53,265,花红,名词。这种植物的果实。也叫林檎或沙果。,今天市场上的花红特别新鲜，颜色鲜红，看着就很有食欲。,7,1805,exp1,List1
53,244,粒子,名词。构成物体的比原子核更简单的物质，包括电子、质子、中子、光子、介子、超子和各种反粒子等。也叫基本粒子。,中子粒子在原子核中扮演着重要的角色，它们与质子共同决定了原子核的稳定性和性质。,7,1521,exp1,List2
53,231,积分,名词。积分描述物体运动的整体性质，例如由运动物体在各点的瞬间运动速度求物体运动的全部路程就是积分学的问题。,积分是高等数学中非常重要的一个分支。,7,2911,exp1,List1
54,267,花红,名词。红利。,师爷分到花红，就寄给家里的老婆。,7,2532,exp1,List2
54,244,粒子,名词。构成物体的比原子核更简单的物质，包括电子、质子、中子、光子、介子、超子和各种反粒子等。也叫基本粒子。,中子粒子在原子核中扮演着重要的角色，它们与质子共同决定了原子核的稳定性和性质。,7,2143,exp1,List2
54,231,积分,名词。积分描述物体运动的整体性质，例如由运动物体在各点的瞬间运动速度求物体运动的全部路程就是积分学的问题。,积分是高等数学中非常重要的一个分支。,7,3323,exp1,List1
54,261,老公,名词。〈口语〉太监。,他就立刻进京，又走了老公的门路。,7,3378,exp1,List2
54,264,花红,名词。落叶小乔木，叶子卵形或椭圆形，花粉红色。果实球形，像苹果而小，黄绿色带微红，是常见的水果。,这种花红果实虽小，但口感独特，营养丰富。,7,1615,exp1,List1
54,272,蘑菇,动词。行动迟缓，拖延时间。,你再这么蘑菇下去，非误了火车不可！,7,2358,exp1,List2
54,266,花红,名词。指有关结婚等喜庆事的礼物。,花红彩礼。,7,1545,exp1,List1
54,271,蘑菇,动词。故意纠缠。,你别跟我蘑菇，我还有要紧事儿。,7,2527,exp1,List2
54,202,烟花,名词。旧时指妓女。,沦为烟花。,7,2139,exp1,List1
54,265,花红,名词。这种植物的果实。也叫林檎或沙果。,今天市场上的花红特别新鲜，颜色鲜红，看着就很有食欲。,7,2044,exp1,List1
55,272,蘑菇,动词。行动迟缓，拖延时间。,你再这么蘑菇下去，非误了火车不可！,7,4975,exp1,List2
55,265,花红,名词。这种植物的果实。也叫林檎或沙果。,今天市场上的花红特别新鲜，颜色鲜红，看着就很有食欲。,3,4767,exp1,List1
55,244,粒子,名词。构成物体的比原子核更简单的物质，包括电子、质子、中子、光子、介子、超子和各种反粒子等。也叫基本粒子。,中子粒子在原子核中扮演着重要的角色，它们与质子共同决定了原子核的稳定性和性质。,7,3389,exp1,List2
55,271,蘑菇,动词。故意纠缠。,你别跟我蘑菇，我还有要紧事儿。,7,6897,exp1,List2
55,261,老公,名词。〈口语〉太监。,他就立刻进京，又走了老公的门路。,4,7234,exp1,List2
55,264,花红,名词。落叶小乔木，叶子卵形或椭圆形，花粉红色。果实球形，像苹果而小，黄绿色带微红，是常见的水果。,这种花红果实虽小，但口感独特，营养丰富。,7,7218,exp1,List1
55,202,烟花,名词。旧时指妓女。,沦为烟花。,7,1845,exp1,List1
55,231,积分,名词。积分描述物体运动的整体性质，例如由运动物体在各点的瞬间运动速度求物体运动的全部路程就是积分学的问题。,积分是高等数学中非常重要的一个分支。,7,3300,exp1,List1
55,266,花红,名词。指有关结婚等喜庆事的礼物。,花红彩礼。,7,3114,exp1,List1
55,267,花红,名词。红利。,师爷分到花红，就寄给家里的老婆。,7,2537,exp1,List2
56,271,蘑菇,动词。故意纠缠。,你别跟我蘑菇，我还有要紧事儿。,7,4249,exp1,List2
56,272,蘑菇,动词。行动迟缓，拖延时间。,你再这么蘑菇下去，非误了火车不可！,7,2753,exp1,List2
56,267,花红,名词。红利。,师爷分到花红，就寄给家里的老婆。,7,2351,exp1,List2
56,265,花红,名词。这种植物的果实。也叫林檎或沙果。,今天市场上的花红特别新鲜，颜色鲜红，看着就很有食欲。,7,3441,exp1,List1
56,266,花红,名词。指有关结婚等喜庆事的礼物。,花红彩礼。,7,2976,exp1,List1
56,261,老公,名词。〈口语〉太监。,他就立刻进京，又走了老公的门路。,7,2874,exp1,List2
56,202,烟花,名词。旧时指妓女。,沦为烟花。,7,1769,exp1,List1
56,231,积分,名词。积分描述物体运动的整体性质，例如由运动物体在各点的瞬间运动速度求物体运动的全部路程就是积分学的问题。,积分是高等数学中非常重要的一个分支。,7,3153,exp1,List1
56,264,花红,名词。落叶小乔木，叶子卵形或椭圆形，花粉红色。果实球形，像苹果而小，黄绿色带微红，是常见的水果。,这种花红果实虽小，但口感独特，营养丰富。,7,4951,exp1,List1
56,244,粒子,名词。构成物体的比原子核更简单的物质，包括电子、质子、中子、光子、介子、超子和各种反粒子等。也叫基本粒子。,中子粒子在原子核中扮演着重要的角色，它们与质子共同决定了原子核的稳定性和性质。,7,1448,exp1,List2
57,261,老公,名词。〈口语〉太监。,他就立刻进京，又走了老公的门路。,7,4439,exp1,List2
57,265,花红,名词。这种植物的果实。也叫林檎或沙果。,今天市场上的花红特别新鲜，颜色鲜红，看着就很有食欲。,7,2554,exp1,List1
57,272,蘑菇,动词。行动迟缓，拖延时间。,你再这么蘑菇下去，非误了火车不可！,7,1938,exp1,List2
57,244,粒子,名词。构成物体的比原子核更简单的物质，包括电子、质子、中子、光子、介子、超子和各种反粒子等。也叫基本粒子。,中子粒子在原子核中扮演着重要的角色，它们与质子共同决定了原子核的稳定性和性质。,7,1625,exp1,List2
57,231,积分,名词。积分描述物体运动的整体性质，例如由运动物体在各点的瞬间运动速度求物体运动的全部路程就是积分学的问题。,积分是高等数学中非常重要的一个分支。,7,3615,exp1,List1
57,271,蘑菇,动词。故意纠缠。,你别跟我蘑菇，我还有要紧事儿。,7,1817,exp1,List2
57,264,花红,名词。落叶小乔木，叶子卵形或椭圆形，花粉红色。果实球形，像苹果而小，黄绿色带微红，是常见的水果。,这种花红果实虽小，但口感独特，营养丰富。,7,1109,exp1,List1
57,267,花红,名词。红利。,师爷分到花红，就寄给家里的老婆。,7,1294,exp1,List2
57,202,烟花,名词。旧时指妓女。,沦为烟花。,7,1361,exp1,List1
57,266,花红,名词。指有关结婚等喜庆事的礼物。,花红彩礼。,7,1256,exp1,List1
58,231,积分,名词。积分描述物体运动的整体性质，例如由运动物体在各点的瞬间运动速度求物体运动的全部路程就是积分学的问题。,积分是高等数学中非常重要的一个分支。,7,1494,exp1,List1
58,272,蘑菇,动词。行动迟缓，拖延时间。,你再这么蘑菇下去，非误了火车不可！,7,3447,exp1,List2
58,264,花红,名词。落叶小乔木，叶子卵形或椭圆形，花粉红色。果实球形，像苹果而小，黄绿色带微红，是常见的水果。,这种花红果实虽小，但口感独特，营养丰富。,3,1087,exp1,List1
58,266,花红,名词。指有关结婚等喜庆事的礼物。,花红彩礼。,7,2220,exp1,List1
58,265,花红,名词。这种植物的果实。也叫林檎或沙果。,今天市场上的花红特别新鲜，颜色鲜红，看着就很有食欲。,6,1384,exp1,List1
58,244,粒子,名词。构成物体的比原子核更简单的物质，包括电子、质子、中子、光子、介子、超子和各种反粒子等。也叫基本粒子。,中子粒子在原子核中扮演着重要的角色，它们与质子共同决定了原子核的稳定性和性质。,3,1536,exp1,List2
58,202,烟花,名词。旧时指妓女。,沦为烟花。,7,1597,exp1,List1
58,271,蘑菇,动词。故意纠缠。,你别跟我蘑菇，我还有要紧事儿。,7,2550,exp1,List2
58,267,花红,名词。红利。,师爷分到花红，就寄给家里的老婆。,7,3486,exp1,List2
58,261,老公,名词。〈口语〉太监。,他就立刻进京，又走了老公的门路。,1,1420,exp1,List2
59,266,花红,名词。指有关结婚等喜庆事的礼物。,花红彩礼。,5,1904,exp1,List1
59,272,蘑菇,动词。行动迟缓，拖延时间。,你再这么蘑菇下去，非误了火车不可！,7,4768,exp1,List2
59,267,花红,名词。红利。,师爷分到花红，就寄给家里的老婆。,5,3656,exp1,List2
59,264,花红,名词。落叶小乔木，叶子卵形或椭圆形，花粉红色。果实球形，像苹果而小，黄绿色带微红，是常见的水果。,这种花红果实虽小，但口感独特，营养丰富。,7,4367,exp1,List1
59,265,花红,名词。这种植物的果实。也叫林檎或沙果。,今天市场上的花红特别新鲜，颜色鲜红，看着就很有食欲。,7,2511,exp1,List1
59,244,粒子,名词。构成物体的比原子核更简单的物质，包括电子、质子、中子、光子、介子、超子和各种反粒子等。也叫基本粒子。,中子粒子在原子核中扮演着重要的角色，它们与质子共同决定了原子核的稳定性和性质。,5,5563,exp1,List2
59,202,烟花,名词。旧时指妓女。,沦为烟花。,7,3367,exp1,List1
59,261,老公,名词。〈口语〉太监。,他就立刻进京，又走了老公的门路。,7,5921,exp1,List2
59,231,积分,名词。积分描述物体运动的整体性质，例如由运动物体在各点的瞬间运动速度求物体运动的全部路程就是积分学的问题。,积分是高等数学中非常重要的一个分支。,6,5322,exp1,List1
6,202,烟花,名词。旧时指妓女。,沦为烟花。,7,2428,exp1,List1
6,231,积分,名词。积分描述物体运动的整体性质，例如由运动物体在各点的瞬间运动速度求物体运动的全部路程就是积分学的问题。,积分是高等数学中非常重要的一个分支。,7,3132,exp1,List1
6,244,粒子,名词。构成物体的比原子核更简单的物质，包括电子、质子、中子、光子、介子、超子和各种反粒子等。也叫基本粒子。,中子粒子在原子核中扮演着重要的角色，它们与质子共同决定了原子核的稳定性和性质。,7,3069,exp1,List2
6,261,老公,名词。〈口语〉太监。,他就立刻进京，又走了老公的门路。,7,4803,exp1,List2
6,264,花红,名词。落叶小乔木，叶子卵形或椭圆形，花粉红色。果实球形，像苹果而小，黄绿色带微红，是常见的水果。,这种花红果实虽小，但口感独特，营养丰富。,7,1426,exp1,List1
6,265,花红,名词。这种植物的果实。也叫林檎或沙果。,今天市场上的花红特别新鲜，颜色鲜红，看着就很有食欲。,7,2418,exp1,List1
6,266,花红,名词。指有关结婚等喜庆事的礼物。,花红彩礼。,7,3146,exp1,List1
6,267,花红,名词。红利。,师爷分到花红，就寄给家里的老婆。,7,2311,exp1,List2
6,271,蘑菇,动词。故意纠缠。,你别跟我蘑菇，我还有要紧事儿。,2,1999,exp1,List2
6,272,蘑菇,动词。行动迟缓，拖延时间。,你再这么蘑菇下去，非误了火车不可！,2,2082,exp1,List2
60,267,花红,名词。红利。,师爷分到花红，就寄给家里的老婆。,7,5213,exp1,List2
60,266,花红,名词。指有关结婚等喜庆事的礼物。,花红彩礼。,7,4043,exp1,List1
60,231,积分,名词。积分描述物体运动的整体性质，例如由运动物体在各点的瞬间运动速度求物体运动的全部路程就是积分学的问题。,积分是高等数学中非常重要的一个分支。,7,3301,exp1,List1
60,202,烟花,名词。旧时指妓女。,沦为烟花。,7,3270,exp1,List1
60,261,老公,名词。〈口语〉太监。,他就立刻进京，又走了老公的门路。,7,1948,exp1,List2
60,264,花红,名词。落叶小乔木，叶子卵形或椭圆形，花粉红色。果实球形，像苹果而小，黄绿色带微红，是常见的水果。,这种花红果实虽小，但口感独特，营养丰富。,7,5429,exp1,List1
60,244,粒子,名词。构成物体的比原子核更简单的物质，包括电子、质子、中子、光子、介子、超子和各种反粒子等。也叫基本粒子。,中子粒子在原子核中扮演着重要的角色，它们与质子共同决定了原子核的稳定性和性质。,7,4562,exp1,List2
60,271,蘑菇,动词。故意纠缠。,你别跟我蘑菇，我还有要紧事儿。,7,2977,exp1,List2
60,265,花红,名词。这种植物的果实。也叫林檎或沙果。,今天市场上的花红特别新鲜，颜色鲜红，看着就很有食欲。,7,6987,exp1,List1
60,272,蘑菇,动词。行动迟缓，拖延时间。,你再这么蘑菇下去，非误了火车不可！,7,2801,exp1,List2
7,244,粒子,名词。构成物体的比原子核更简单的物质，包括电子、质子、中子、光子、介子、超子和各种反粒子等。也叫基本粒子。,中子粒子在原子核中扮演着重要的角色，它们与质子共同决定了原子核的稳定性和性质。,7,4086,exp1,List2
7,264,花红,名词。落叶小乔木，叶子卵形或椭圆形，花粉红色。果实球形，像苹果而小，黄绿色带微红，是常见的水果。,这种花红果实虽小，但口感独特，营养丰富。,7,6605,exp1,List1
7,266,花红,名词。指有关结婚等喜庆事的礼物。,花红彩礼。,7,7676,exp1,List1
7,265,花红,名词。这种植物的果实。也叫林檎或沙果。,今天市场上的花红特别新鲜，颜色鲜红，看着就很有食欲。,7,2861,exp1,List1
7,271,蘑菇,动词。故意纠缠。,你别跟我蘑菇，我还有要紧事儿。,7,4862,exp1,List2
7,202,烟花,名词。旧时指妓女。,沦为烟花。,7,2709,exp1,List1
7,272,蘑菇,动词。行动迟缓，拖延时间。,你再这么蘑菇下去，非误了火车不可！,7,3714,exp1,List2
7,267,花红,名词。红利。,师爷分到花红，就寄给家里的老婆。,7,1512,exp1,List2
7,261,老公,名词。〈口语〉太监。,他就立刻进京，又走了老公的门路。,7,2370,exp1,List2
7,231,积分,名词。积分描述物体运动的整体性质，例如由运动物体在各点的瞬间运动速度求物体运动的全部路程就是积分学的问题。,积分是高等数学中非常重要的一个分支。,7,6563,exp1,List1
8,272,蘑菇,动词。行动迟缓，拖延时间。,你再这么蘑菇下去，非误了火车不可！,7,2439,exp1,List2
8,202,烟花,名词。旧时指妓女。,沦为烟花。,7,2279,exp1,List1
8,266,花红,名词。指有关结婚等喜庆事的礼物。,花红彩礼。,7,1817,exp1,List1
8,264,花红,名词。落叶小乔木，叶子卵形或椭圆形，花粉红色。果实球形，像苹果而小，黄绿色带微红，是常见的水果。,这种花红果实虽小，但口感独特，营养丰富。,7,3988,exp1,List1
8,261,老公,名词。〈口语〉太监。,他就立刻进京，又走了老公的门路。,6,3148,exp1,List2
8,271,蘑菇,动词。故意纠缠。,你别跟我蘑菇，我还有要紧事儿。,7,2185,exp1,List2
8,244,粒子,名词。构成物体的比原子核更简单的物质，包括电子、质子、中子、光子、介子、超子和各种反粒子等。也叫基本粒子。,中子粒子在原子核中扮演着重要的角色，它们与质子共同决定了原子核的稳定性和性质。,7,4164,exp1,List2
8,231,积分,名词。积分描述物体运动的整体性质，例如由运动物体在各点的瞬间运动速度求物体运动的全部路程就是积分学的问题。,积分是高等数学中非常重要的一个分支。,7,3204,exp1,List1
8,265,花红,名词。这种植物的果实。也叫林檎或沙果。,今天市场上的花红特别新鲜，颜色鲜红，看着就很有食欲。,7,2382,exp1,List1
8,267,花红,名词。红利。,师爷分到花红，就寄给家里的老婆。,7,3735,exp1,List2
9,265,花红,名词。这种植物的果实。也叫林檎或沙果。,今天市场上的花红特别新鲜，颜色鲜红，看着就很有食欲。,7,6600,exp1,List1
9,272,蘑菇,动词。行动迟缓，拖延时间。,你再这么蘑菇下去，非误了火车不可！,7,3857,exp1,List2
9,202,烟花,名词。旧时指妓女。,沦为烟花。,6,4594,exp1,List1
9,261,老公,名词。〈口语〉太监。,他就立刻进京，又走了老公的门路。,7,2563,exp1,List2
9,244,粒子,名词。构成物体的比原子核更简单的物质，包括电子、质子、中子、光子、介子、超子和各种反粒子等。也叫基本粒子。,中子粒子在原子核中扮演着重要的角色，它们与质子共同决定了原子核的稳定性和性质。,7,2972,exp1,List2
9,271,蘑菇,动词。故意纠缠。,你别跟我蘑菇，我还有要紧事儿。,7,2553,exp1,List2
9,267,花红,名词。红利。,师爷分到花红，就寄给家里的老婆。,6,3310,exp1,List2
9,231,积分,名词。积分描述物体运动的整体性质，例如由运动物体在各点的瞬间运动速度求物体运动的全部路程就是积分学的问题。,积分是高等数学中非常重要的一个分支。,7,4640,exp1,List1
9,264,花红,名词。落叶小乔木，叶子卵形或椭圆形，花粉红色。果实球形，像苹果而小，黄绿色带微红，是常见的水果。,这种花红果实虽小，但口感独特，营养丰富。,7,3300,exp1,List1
9,266,花红,名词。指有关结婚等喜庆事的礼物。,花红彩礼。,7,2044,exp1,List1
